,logIndex,transactionIndex,transactionHash,blockNumber,poolId,newOwner,previousOwner,slotId,gasUsed,gasPrice,ethSpent,depositSLP,rewardsFVTForSession
0,179.0,162.0,b'[\xe9\x99ta+\x06Wj\x9f\x16g\xf7\x14\xfaS\xe3?\xff\xbf\x15P\xe7\x8b\xees\x04\xf6#\xbc\x8bv',13178928,1.0,0x2000e0171c5E7b79b2f29068122CAE26012B02df,0x0000000000000000000000000000000000000000,30.0,159731.0,76100000000.0,0.0121555291,0.0,0.0
1,337.0,284.0,b'\xeac\xe1\xdb!\xa4%\xfd\xb0\xcb\xd4u\xda0_\x01l\xa8\x96\x82\xaf.\x8f\xd3s\\\xf9f7B\xde\x80',13178976,1.0,0x85670c918fd6A80bdc92202C59D20b6E0c01C7E9,0x0000000000000000000000000000000000000000,13.0,142631.0,102786306308.0,0.014660513655016348,0.0,0.0
2,244.0,219.0,"b'F7\r$C\x01\xbe\xc6\xc7\xa6\xfc,\xcd\x07&\xb1\x83\xfbv-\x10Nf\xe9A\xbe\x986;,\xde\xf0'",13179030,1.0,0x85670c918fd6A80bdc92202C59D20b6E0c01C7E9,0x0000000000000000000000000000000000000000,1.0,263039.0,117114089446.0,0.030805572973786394,400.00000000000006,0.0
3,68.0,65.0,b'v\x8at\xcc\xcc\xc2E=\xfd\xb2\xfa\xbd6T\xf0\x15V\x8b\x8a\x05\xb5\xb1(\xb7=\x91\xd0\x98t\xcaTo',13179108,1.0,0xfDC09C96E5B7EBe2F6C36E1bc0B6a6A8C6571C82,0x0000000000000000000000000000000000000000,11.0,228815.0,149713218125.0,0.034256630005271875,70.0,0.0
4,179.0,131.0,b':\x032\xba\x02\xfa\xa4\xf9\x98\xeb\x17\x90\x1b\xd0\xee\xfc\xac}R/\xaa\xe7\xc64\xf2\x9f\x84\xf9C\x15\xa9\xcc',13179791,1.0,0xd557D7443D50f2252f7074269303477C1DFD3451,0xfDC09C96E5B7EBe2F6C36E1bc0B6a6A8C6571C82,11.0,302248.0,204065712256.0,0.061678453397951488,100.00000000000001,405.32249151444
5,133.0,136.0,b'J$o\xbcBC\x0e\x83\xc7\x84\xd1\xe6\xa7\xb1\xbe\x01\xb7or\x98\x93\x93\x17\x0f\xa4\xe0\xa8\xfc\xaeb\x03M',13179839,1.0,0xd557D7443D50f2252f7074269303477C1DFD3451,0x0000000000000000000000000000000000000000,5.0,211751.0,184115013254.0,0.038986538171547754,271.4249502613086,0.0
6,503.0,529.0,b'\xb9}\xe2n\x1fk\x10\x0e&\x87\xed7A\xac\xd6;N\xdf!`\xcbA%\xbe.(\xef\x9b\t4\x1e$',13179973,1.0,0xfDC09C96E5B7EBe2F6C36E1bc0B6a6A8C6571C82,0x0000000000000000000000000000000000000000,3.0,211715.0,150512197843.0,0.031865689966330745,70.0,0.0
7,43.0,51.0,"b',\xc4\x1d\xf0\xd0y\xca\xf5f\rCU\x83\x84\xe5\xc0\xc0\xf7/t\xfd`\xa9\x03Y\x87\xb8\x01\xa0\x10w%'",13180347,1.0,0x0000000000000000000000000000000000000000,0xd557D7443D50f2252f7074269303477C1DFD3451,5.0,240648.0,174476726164.0,0.041987475197914272,0.0,297.5805430902
8,80.0,87.0,"b""\xe3w\xb9\xd3'\xec\x1e\xbb\x96\xf84\xb6\xfc7#\xaf\xeb\xb1\x8d\x90\xad\xa3\xed\x806KfE&\xd5\x97e""",13180366,1.0,0xd557D7443D50f2252f7074269303477C1DFD3451,0x0000000000000000000000000000000000000000,17.0,211739.0,147714153704.0,0.031276847191131256,50.00000000000001,0.0
9,141.0,157.0,b'\xc8\xa5\xa2\xe72#3 ~\x134\xe2BLZ\x16\xa0\x9e\xe6\xaa\xe2Tc\xafue<\x1cb\xbc\x82c',13180382,1.0,0xd557D7443D50f2252f7074269303477C1DFD3451,0x0000000000000000000000000000000000000000,47.0,211739.0,156675023450.0,0.03317421279027955,50.00000000000001,0.0
10,52.0,54.0,b'.\x833Gj\x0cF\x08\xd0\xd4\xc47\xc6\x12j9\xf8\x9cQH\xf5\x00\xf9H=d\x98\xf6\xf8\xa2]\xcd',13180395,1.0,0xd557D7443D50f2252f7074269303477C1DFD3451,0x0000000000000000000000000000000000000000,34.0,211739.0,146901033433.0,0.031104677918069987,50.00000000000001,0.0
11,137.0,51.0,"b'\xb6\x92\x0c\xb7\xd5\xb2\x9e\xa4\x02\x92\xf6\x88\xeeB\x13l\xfd\xfd\x0c\xfe\xf3AB\xcc\xff_=.\xdd,H\x91'",13180650,1.0,0xd557D7443D50f2252f7074269303477C1DFD3451,0x0000000000000000000000000000000000000000,22.0,211739.0,149768170622.0,0.031711762679331658,50.00000000000001,0.0
12,156.0,204.0,b'\xeb\xa2\xd6\x9b\x05\xe2\xc4[NF+g\x89{\\.\x96\x05G\x1f\xcf\xee\xc1\x87H\xa8\xb4\x97\x7fA\xe3\xf2',13180662,1.0,0xd557D7443D50f2252f7074269303477C1DFD3451,0x0000000000000000000000000000000000000000,48.0,211739.0,129589811861.0,0.027439217173636279,51.00000000000001,0.0
13,131.0,94.0,b'\x15\xa7c@5\x9b\x0e\xe4A\xe9U\\\x1b)\xc2u]\xcfk\x85\x9d\xa1\xda\x96\xd5\xc6\x10\xbf\xa9\xf0[\xe4',13181141,1.0,0x77Ef0bB2A8fe8bAb8372da805018D4EA122EB300,0x0000000000000000000000000000000000000000,42.0,228827.0,107362361143.0,0.024567407013269261,513.0,0.0
15,309.0,442.0,"b'g\xed\xb7\xe8\xd4\x1b\x9a_\xa9\xd3\x1a\x00}\xa8I\xda\x08\x02\xd4V-6\xd4?\x97 \x00\xf3Y\x16,\x07'",13181663,1.0,0x51BD9fd860223EF52cF77b517EbaB5cA58dc1c63,0x0000000000000000000000000000000000000000,5.0,157610.0,71768114021.0,0.01131137245084981,302.0,0.0
18,66.0,28.0,"b'\xb1\xc0\x0e)-n\xebj\xf1;\xfc\x11JI?\xb0\x01\x00\xe2\xf9\xf3(\xb0\xe8\xb8\xa7\xdc\xf1.\x95""\xf4'",13181700,1.0,0x2000e0171c5E7b79b2f29068122CAE26012B02df,0x0000000000000000000000000000000000000000,31.0,142631.0,82000000000.0,0.011695742,0.0,0.0
20,500.0,235.0,b'@4B\xc7\xa2\x00\xfd\xff\xbb\xb3:\xff\x1b\xcc\xd0O\x06\xe6\x9b\xc3\xf18\xc5\x9d\x1bp.\x08\xc4\xe4\xe41',13181720,1.0,0xE3b2F16a52671AF6a5d498D3CfDcCCdC2Ad0D58f,0x0000000000000000000000000000000000000000,44.0,228839.0,84387869294.0,0.019311235621369666,202.50000000000003,0.0
21,129.0,138.0,"b'\xed\xdb\xf0\xc7\xb4""0\x88e\x08\x1f\xf4/\xe5\x12\xd3\xc0T\xfb\x07u\xf4\xfc\xac\xae1\x99\x07\xaf\xeb\x86<'",13181771,1.0,0xE3b2F16a52671AF6a5d498D3CfDcCCdC2Ad0D58f,0x0000000000000000000000000000000000000000,45.0,211739.0,83100000000.0,0.0175955109,202.50000000000003,0.0
22,131.0,139.0,b'\x06~9\x97\xfabE\tH<\xd2m/\x97\xea\x94P\x88-\x1fn\x03\xd6\xfe\x99\x19\x88b\x8dn\x80\xac',13181771,1.0,0xE3b2F16a52671AF6a5d498D3CfDcCCdC2Ad0D58f,0x0000000000000000000000000000000000000000,46.0,211739.0,86100000000.0,0.0182307279,60.00000000000001,0.0
23,170.0,148.0,b'\xd5\x06\x04\x8a\x9a\x87\xa5!\xc1\x1c\xa8T\xc6\xb5L\x01y\xaduB\x9e\x02?\xfb\x82n?tMh\xa2I',13181886,1.0,0x51BD9fd860223EF52cF77b517EbaB5cA58dc1c63,0x0000000000000000000000000000000000000000,25.0,211739.0,78173240672.0,0.016552323806648608,154.0,0.0
24,376.0,291.0,b'p\x10#\x92\x08\xbc+\xf3\xa7\xb7\x92\x95\xbc\xc5\x15 \x86\xda\x11^T\x1e\xb9!\xe6&\xc7\xca\x95T\x18\xae',13181886,1.0,0x2000e0171c5E7b79b2f29068122CAE26012B02df,0x0000000000000000000000000000000000000000,32.0,142631.0,68389730104.0,0.009754495594463624,0.0,0.0
29,124.0,54.0,b'\x8bGz\xa5\x17\xc5\xa5!\xdc\xf8U\x9c\x16\xbf8\x85\xc0\x81\xe7\xf0\x9e@\x037\xe4w\xeb\xf9\xbcB\xdb\xa8',13181894,1.0,0x51BD9fd860223EF52cF77b517EbaB5cA58dc1c63,0x0000000000000000000000000000000000000000,35.0,211763.0,82515251613.0,0.017473677227323719,160.41000000000003,0.0
30,417.0,291.0,b'\xf4k\x03\x18y\xc8\x04\xd8\xa3\x88Ots\x19\xe4\xc8!\x15y+W\xd9HIe\x87\xf8C\x92\xc2\xa8\xe8',13182033,1.0,0xD2eadB71FFA6B638c059051b1A3C2157c9cD7A5C,0x0000000000000000000000000000000000000000,2.0,228839.0,81000000000.0,0.018535959,101.00000000000001,0.0
31,336.0,253.0,b'1\x86\xa3v\xd7\xb6Nrg#\x86\xa5\x99#\t\xce\xe5\xb8\xb7\x12\x8a_\xfb\xaf\xa2j\x19\xd5\xd2gbq',13182058,1.0,0xD2eadB71FFA6B638c059051b1A3C2157c9cD7A5C,0x0000000000000000000000000000000000000000,4.0,211739.0,75000000000.0,0.015880425,101.00000000000001,0.0
32,347.0,261.0,b'u\xdds\xc1\xb9\x0fhz$\xa5\xfe\x0b\xd1-?\xb6\x17\xd4tls?U\xe0\x87;\x99\x95\x08!;\xc4',13182058,1.0,0xD2eadB71FFA6B638c059051b1A3C2157c9cD7A5C,0x0000000000000000000000000000000000000000,6.0,211739.0,75000000000.0,0.015880425,101.00000000000001,0.0
33,402.0,337.0,"b'\xc2\x83\x13\x01\x17\xe2#\xde\xc0\xb0\x1e\xd0\xf5\x07\xe5s(\xf6\x03]\xb8\x84\xb5\xc2, \xe7IeFR\xee'",13182060,1.0,0xD2eadB71FFA6B638c059051b1A3C2157c9cD7A5C,0x0000000000000000000000000000000000000000,7.0,211763.0,75000000000.0,0.015882225,82.30000000000001,0.0
34,160.0,84.0,b'\xf3\xc4uMn\xf6i\x9d%\xdb\x9d\r\xc8\xf64*l\xe91\xc0\xd5h\xa5\xf6\xa4\x19-?E\x1a\x98.',13182985,1.0,0x68aAA618D6B7F5C9363760AC473d91056Fc7aC01,0x2000e0171c5E7b79b2f29068122CAE26012B02df,32.0,266583.0,118521620965.0,0.031595849281712595,245.00000000000003,613.6237798076401
35,106.0,114.0,b'\xa6\xc0\xe2\x81\xfb\xd8\\\x18\xe5\x87Px\x8d[\xb1E\xc1\xcf\t\xaa__W\x1c\x10x7\xc8\xa7=]\x88',13183088,1.0,0x68aAA618D6B7F5C9363760AC473d91056Fc7aC01,0x0000000000000000000000000000000000000000,15.0,142631.0,87211753755.0,0.012439099649829405,0.0,0.0
36,79.0,83.0,b'LB\xb7\x8a\xcb\xeb\x1b`\xfb\xd9\xf6/\x93\x18Vk[\x94\xb0$\xa8a\x9e\x15}\xfbk\xd1d\\k\xfe',13183102,1.0,0x68aAA618D6B7F5C9363760AC473d91056Fc7aC01,0x0000000000000000000000000000000000000000,16.0,142631.0,80427476737.0,0.011471451434475047,0.0,0.0
37,258.0,162.0,b'\xfa\x02VC\x86JO\xb19:\x15<\xab\x8b\xd3\xbd\xf6D#\xbbT\xa1Jv+B\xcb\xaf\xdc\xc5X\xd7',13183395,1.0,0x1b0f1838C48Ee8F0D3f0D0375A2e991e17cD2fd3,0x0000000000000000000000000000000000000000,43.0,228863.0,81393332840.0,0.01862792233376092,389.70000000000005,0.0
40,304.0,152.0,b'k\x9f\x95z\xac\x06;\xdf~e8\x85 \xd6\x8d\xda\xb7 T\xe66\x90H\xbb\x8b_<\x7f5Q\xf5\x17',13184374,1.0,0x28de46689b899af843Ec549199AD70a75ad4d960,0x0000000000000000000000000000000000000000,8.0,228827.0,78257126633.0,0.017907343516049491,100.00000000000001,0.0
41,57.0,48.0,b'\xb4\xae\xec\xf4\x85u\xa4<\x16\xfe\x0f\x7f\x1c\x0e\x00\x9d\xd6\xa9/A\x8f#\x03\xca\xa1\x0c\xe9\x06\xa4\xa7\x04~',13184383,1.0,0x28de46689b899af843Ec549199AD70a75ad4d960,0x0000000000000000000000000000000000000000,9.0,211739.0,70407969318.0,0.014908113015424002,50.00000000000001,0.0
42,340.0,288.0,"b'M\xf5\xe8\xf7\xec\x86Y""\xdb;#\xed\xfa\xf3\x89\x87\xdb|\xf9\xfd}\xc7jc\xe8\x8d\xfdV<\xab\x18\x98'",13184406,1.0,0x28de46689b899af843Ec549199AD70a75ad4d960,0x0000000000000000000000000000000000000000,10.0,211739.0,74000000000.0,0.015668686,50.00000000000001,0.0
43,342.0,289.0,b'\xf3\x08\x9e\x02\xc0m\xeb\xd0\x10A4\xca\xdf\xec\xacY\xf2\x9bN\xdf=\xe9\xb1/xE\xca}\xe4\xb58\xc4',13184406,1.0,0x28de46689b899af843Ec549199AD70a75ad4d960,0x0000000000000000000000000000000000000000,12.0,211739.0,80274256534.0,0.016997190804252626,50.00000000000001,0.0
44,344.0,290.0,b'q|\xad\x11\r\xbe\xc2N\x92\xec\x1a\x91g\x0b\xb6\xf19\x8d#\xb7\x96\x05#\x00\xd5j\xd1\xfd\x827\xba\xda',13184406,1.0,0x28de46689b899af843Ec549199AD70a75ad4d960,0x0000000000000000000000000000000000000000,14.0,211739.0,85112525764.0,0.018021641092743596,50.00000000000001,0.0
45,150.0,96.0,"b""l\x1a\xdff\xd1B\xa3\xb4\xf8\x83\xd4{\x089\xe5\xbd\r\x88\x0e\xca\xe4\xc0\xf8H'\xaa\xd3R\x88-O\xfe""",13184413,1.0,0x28de46689b899af843Ec549199AD70a75ad4d960,0x0000000000000000000000000000000000000000,18.0,211739.0,90653520333.0,0.019194885741789087,40.0,0.0
46,152.0,116.0,"b'nvq;\xd2\x16\x0c\xb2N\xa3[\xdb\xf5\x1e\x97AQ7\xe4\x9cL\xd7\x93OH\xa58\'a\xda""\xba'",13184417,1.0,0x28de46689b899af843Ec549199AD70a75ad4d960,0x0000000000000000000000000000000000000000,19.0,211763.0,86460506745.0,0.018309136289841435,50.366030621683244,0.0
47,381.0,232.0,b'Z\xb04\xa5\xf3^\x96\xdd\x13\xcc\xe1\xaal\x052\xca\xc5\x91\x1c:\x1a\xb96#[\xf6\xbe\xc0yD\xdc\x1c',13184920,1.0,0xA25207Bb8f8EC2423E2ddf2686A0CD2048352f3E,0x0000000000000000000000000000000000000000,28.0,228851.0,64592690221.0,0.014782101749766071,397.11511333000004,0.0
48,368.0,217.0,b'\xd4\xc4q\x13\x04\x195\x15I\xdc^dR\xf1J9\xcb{S\x03du\x0e\x06a \xb1\xaaP\x0e\xb0\xbc',13184944,1.0,0xD2eadB71FFA6B638c059051b1A3C2157c9cD7A5C,0x0000000000000000000000000000000000000000,20.0,142631.0,60000000000.0,0.00855786,0.0,0.0
49,112.0,63.0,b'\xfb\x15yoE\x1e\x15\xe9!\x92\x05\x9d\x18\xe5\xa3\xb41ib\x15\xab&\xa3\xed\xaf1\xb5i\x0e\xef\x1fw',13184956,1.0,0xbD75540343904343A49E084523596Ed8d9978d7b,0x0000000000000000000000000000000000000000,21.0,228851.0,90000000000.0,0.02059659,501.00000000000006,0.0
50,166.0,116.0,b'\xde@\x1d\x98d\xe5\x05\xe5\x1c\x1c2DNw\x93u\xd6\x04\x8c\xa1\x8b\xc1\xfe\xd7\xa3 nq\x8a\x94Dy',13184966,1.0,0xbD75540343904343A49E084523596Ed8d9978d7b,0x0000000000000000000000000000000000000000,23.0,211751.0,90000000000.0,0.01905759,501.00000000000006,0.0
51,33.0,54.0,b'\xe3\x00|t\xcb\x19\xd6\x11\xfe4n{\xed\xde:\xe6\x1c\xe47\x7f\xf0\xb9\xb70Q\xe1\xcd\xa8\xf7\x05Tc',13185002,1.0,0xbD75540343904343A49E084523596Ed8d9978d7b,0x0000000000000000000000000000000000000000,24.0,211751.0,110000000000.0,0.02329261,666.0,0.0
52,130.0,96.0,b'\xe2n\xba\x18B\x1fD\xe2y=\xb4\xe3\x88E\x11U4}\x9c\xc5Q\x91\x15\xb5\x1fR\x11\x0f+|\x93\xc0',13185055,1.0,0xbD75540343904343A49E084523596Ed8d9978d7b,0x0000000000000000000000000000000000000000,26.0,211751.0,75000000000.0,0.015881325,500.00000000000006,0.0
53,334.0,259.0,"b""'\xccu\xc3\xd5\x8fG\x97\xa7\x16\xfde\x14\x97\xdb}D\xa0\x81y\xd0\xcd'\xc4V\x1c\xd2`\xd8\xf6\x8c\xdd""",13185093,1.0,0xbD75540343904343A49E084523596Ed8d9978d7b,0x0000000000000000000000000000000000000000,27.0,211751.0,78000000000.0,0.016516578,500.00000000000006,0.0
54,146.0,114.0,b'\xd8\x8c\xc2y\x16\xf6\xb8\x07rJ\xc5\x89\x1a\xdd\x8eX\r\xae\xde\xb1\xb8+\x9c\xc9\xd3\x94\x89\xa8\xfd\xd72\xc0',13185194,1.0,0xbD75540343904343A49E084523596Ed8d9978d7b,0x0000000000000000000000000000000000000000,33.0,211751.0,110000000000.0,0.02329261,300.0,0.0
55,455.0,295.0,"b'\xc3\t\xce\xcd\xf7\xa7\xe6\xbb\xd3\xa73\x9cl\xed\xff\xff&\xc8E\x1a\xfaH$\xf9""mz\xaf\x83\xf9V\xfd'",13185387,1.0,0xbD75540343904343A49E084523596Ed8d9978d7b,0x0000000000000000000000000000000000000000,41.0,211751.0,90000000000.0,0.01905759,300.0,0.0
56,225.0,171.0,"b""\x9fE4\xb0W\xcc\xfc\xb9\x15\xacd7A\x11\x1a1Ua\xa6d!\x9b\xc4\x15'\xb7\x93Z[D,\xf9""",13185744,1.0,0x351Da3c9B54621f3905462E865FE3723DCBA8e81,0x0000000000000000000000000000000000000000,50.0,142631.0,90869829502.0,0.012960854651699762,0.0,0.0
57,233.0,131.0,b'\xea\xe2\xe1\x93\xb2\x0e\x899\x9fp\xef0fg\xbf\x97\xe9\x7f\x7f\xc1P*3\x15\xd5.\x91/t\xe4rY',13185778,1.0,0x351Da3c9B54621f3905462E865FE3723DCBA8e81,0x0000000000000000000000000000000000000000,49.0,142631.0,93499966107.0,0.013335993665807517,0.0,0.0
58,399.0,397.0,b'\xc9\xf3\x97\xa2\x99\\4d\xa3\xcf&\xfc\x1f\xac\xacNX\xf8N\xad\x8bo\xd0\xbf\x804\x0b{\x80\x1a\xad\x9b',13190810,1.0,0xD2eadB71FFA6B638c059051b1A3C2157c9cD7A5C,0x0000000000000000000000000000000000000000,37.0,142631.0,90000000000.0,0.01283679,0.0,0.0
59,275.0,198.0,"b'!:Q\x17\xdc\xf2:\x9c\xc2""qx\xeaC_\x98\xe5\xcd\x8e\x07\x1c#0\xe5C\xef\xe5\x90\x9f/<_'",13191025,1.0,0xD2eadB71FFA6B638c059051b1A3C2157c9cD7A5C,0x0000000000000000000000000000000000000000,39.0,142631.0,70000000000.0,0.00998417,0.0,0.0
61,192.0,150.0,b'\xfazD(+\xeb+\xbd\xcd\x0c>]\xcdoCvx\x81\xee\xf3\xb0G\x95\x1d%|@\xc7\xfd\x98\xc1b',13191306,1.0,0x68aAA618D6B7F5C9363760AC473d91056Fc7aC01,0x0000000000000000000000000000000000000000,40.0,142631.0,87197769385.0,0.012437105045151935,0.0,0.0
62,183.0,130.0,b'\xf6\xa7|D\x1fv\x9fI\xe6\xb7})\xc1\xf2\x1abX\x18\x82\x1a\x00\xd4\x1c\xe0\x87\xe23R\xb3W\xb7i',13191447,1.0,0x28de46689b899af843Ec549199AD70a75ad4d960,0x0000000000000000000000000000000000000000,29.0,211739.0,75000000000.0,0.015880425,112.00000000000001,0.0
63,185.0,131.0,"b'wb}\x02\x15qC\xad\xdfU\xd5\xfc\xbd\x1b\xf6\xa6""\xea\x1e\x1c\xc8bsG9\xcf\xaf]\rY\xde\x8e'",13191447,1.0,0x28de46689b899af843Ec549199AD70a75ad4d960,0x0000000000000000000000000000000000000000,38.0,211739.0,77000000000.0,0.016303903,100.00000000000001,0.0
69,189.0,167.0,"b'P\xe7\x9aF\x83\xba\xf8\xae\xfd\xda\xcb\xeb\xe1\xc36\xcc\xf8\x80\xc7\x03e,#\xc9\xc3n\xadJt\xdc\x9f\x95'",13194317,1.0,0xd557D7443D50f2252f7074269303477C1DFD3451,0x0000000000000000000000000000000000000000,36.0,211739.0,73426359748.0,0.015547223986681772,20.424940101308685,0.0
90,261.0,129.0,b'\xc8\x82W0\x19\x02\x18G\x06\xe8\xc4\xde\x0c\xad\xa5}`l\x8b\x1b\xcc\x87\x96\x01\xe2-L-t\x14\xb4\xfe',13198295,1.0,0x1711bc52bf7e0494325799717fe640F1924617B7,0x51BD9fd860223EF52cF77b517EbaB5cA58dc1c63,5.0,266048.0,73688564769.0,0.019604695279662912,425.00000000000006,7913.76801121368
91,455.0,296.0,b'\\_9\xaak\xbb\xa3\x96\x8d\xb1\x0b\xcf\xb4\x97\xacD\xb0\xbe`\x996\tTV@\xc981\x1e\x90\xfa\x11',13198498,1.0,0x51BD9fd860223EF52cF77b517EbaB5cA58dc1c63,0xd557D7443D50f2252f7074269303477C1DFD3451,11.0,216772.0,66611725147.0,0.014439556883565484,301.99,9075.306373081261
92,259.0,183.0,b'\xfb\xaf\xcdX\x0bct\xa8\xe1\xf2\x8a;\xcb\x8c\xb8\xd2\\\x01\xeeNFi\xdb.\x88-\x9e\xac\xdb\x16\xb3/',13200675,1.0,0xa6f2eCAf8b54b8776Bfbc453EA7D97422cbe2337,0x2000e0171c5E7b79b2f29068122CAE26012B02df,31.0,212430.0,96712698024.0,0.02054467844123832,19.827814784888375,8793.489391698
93,111.0,62.0,b'\xa5\x8f \xf9\x8e@\x89\x00+\x129\x11\xbd\xfa\xe5%u/vy\x92\xf2Q\xbfZ\xe1\xe0[\xa6\x11\x8cW',13202005,1.0,0x0000000000000000000000000000000000000000,0xd557D7443D50f2252f7074269303477C1DFD3451,17.0,189348.0,55086780122.0,0.010430571642540456,0.0,10040.21536294344
94,479.0,504.0,b'g1\xe5\xae\xa7\xfd&\x93U\x9ds=r\xfe\xa0\xc5\x11\xe5R\xbc\xa2iRH}\x7f\xec\xa4\xd1Rd\x19',13202008,1.0,0x0000000000000000000000000000000000000000,0xd557D7443D50f2252f7074269303477C1DFD3451,22.0,189348.0,51349086707.0,0.009722846869797036,0.0,9876.31053424602
95,483.0,505.0,b'\x0b\xf81\x8d\xf9\xe4\x17\xca\x85\xac\x8f\x18\xc5E\xc3\x0c\xd7U\x0eV\xb1\xb0+\xc5\xb9;mG0\xbf\xc0\x96',13202008,1.0,0x0000000000000000000000000000000000000000,0xd557D7443D50f2252f7074269303477C1DFD3451,34.0,189348.0,52031652335.0,0.00985208930632758,0.0,10024.39056005892
96,93.0,33.0,b'\xc6\x1d\xaf.\xb2L\xce\x9d\xe8\x12\xcc\xe9^\x96\xfa{\xc1Uy\xa0\x89;y\xc4%\xae\xc5}\x02I\x99\xbb',13202019,1.0,0x0000000000000000000000000000000000000000,0xd557D7443D50f2252f7074269303477C1DFD3451,36.0,189348.0,52223945543.0,0.009888499640675964,0.0,3014.3354781657
97,384.0,361.0,"b'\x156\xca\xd95\xcc\x11U\xd6gYz\xa5j\x91\xc8[9b\x1e\x8c\x82\x90y\x02t""\x06\xa1\xe1\xb4_'",13202021,1.0,0x0000000000000000000000000000000000000000,0xd557D7443D50f2252f7074269303477C1DFD3451,47.0,189348.0,60040057023.0,0.011368464717191004,0.0,10036.5713691924
98,415.0,330.0,b'\xfa\x8f\xde\x04\xdb\x867\xcb\x86-G\x96\x02y\xcc\xc4E\xca\xd9qUY\xd2|\xfdG\xbe\x9d\xa1\x8e\x81j',13202041,1.0,0x0000000000000000000000000000000000000000,0xd557D7443D50f2252f7074269303477C1DFD3451,48.0,189348.0,60356038418.0,0.011428295162371464,0.0,9881.062910857801
99,371.0,256.0,b'\x98\xcd(\xe4\x17\x07\x94@\x90\xf6C+\x8f\x92\xf0\xcbw/Af\x16\xa7;\x04>\xfc_\xc5\x03\x98\xf3\xb7',13203012,1.0,0x0000000000000000000000000000000000000000,0xE3b2F16a52671AF6a5d498D3CfDcCCdC2Ad0D58f,44.0,240648.0,54512774702.0,0.013118390206486896,0.0,9614.83508161356
100,123.0,121.0,b'q\xbd\x98#\xa3\xe6\xe1\x85\xf3\xb1\x1fx#\x81w\xfd\x158\xb5Ki\x83\xe5:\x86\xc66\xde;u\xb6\xe6',13203026,1.0,0xE3b2F16a52671AF6a5d498D3CfDcCCdC2Ad0D58f,0x0000000000000000000000000000000000000000,47.0,140522.0,60482782997.0,0.008499161632304434,63.00000000000001,0.0
101,152.0,195.0,b'\xa7\xcc\x8f;:\xb8bB\xdb\x87\x9c\xe2A\xf5\xdc\xa5\x7f\xe8h8y\xaa{\xdf\xdb+\xe1\xf9X\xf5@\x9e',13203027,1.0,0xE3b2F16a52671AF6a5d498D3CfDcCCdC2Ad0D58f,0x0000000000000000000000000000000000000000,48.0,137722.0,61579819911.0,0.008480895957782742,63.00000000000001,0.0
102,116.0,102.0,b'\xa1\t\x1f\xc6\xc6m\x8d\xe1\x87u\\7\x82\xa4_<\x06!\x91\xa9z/\x15\xbd\xc5f\x19\n\x88OTA',13203033,1.0,0xE3b2F16a52671AF6a5d498D3CfDcCCdC2Ad0D58f,0x0000000000000000000000000000000000000000,22.0,137722.0,59548144776.0,0.008201089594840272,63.00000000000001,0.0
103,137.0,64.0,"b""H\x9eq\xd7?\xf2\xe0^\xe2{\xabCi\x99\xfe\xad\xd1\xc7F'\xcdh\xf8)\xd6\x9a\x1bu\xf6\x15-\xeb""",13203044,1.0,0xE3b2F16a52671AF6a5d498D3CfDcCCdC2Ad0D58f,0x0000000000000000000000000000000000000000,36.0,140510.0,53948528870.0,0.0075803077915237,13.500000000000002,0.0
106,178.0,520.0,b'\xc3O/8\xac\xd4p.\xd1\x80\xb0/\xd7k\xa6\xb4\xe3[\xce@\xf9\xe1\xe4\xa7\xde\x95\x9a\n\t~\xa3\xf4',13203736,1.0,0xfDC09C96E5B7EBe2F6C36E1bc0B6a6A8C6571C82,0xD2eadB71FFA6B638c059051b1A3C2157c9cD7A5C,39.0,249495.0,51923618327.0,0.012954683154494865,5.800000000000001,5078.65785735666
107,369.0,187.0,b'f\tvN\x00[\xc3c\xa2\xc2\x0e\xadE\x16\x88\x82}\x1c\xb6\x08\xd6f\xd5r\x9c\x8bM\x8f\x82\xfeS.',13209588,1.0,0x6d359982D9A750AC7e9b2a5211B390C8021A7F5f,0x0000000000000000000000000000000000000000,17.0,154839.0,36967381366.0,0.005723992363330074,207.00000000000003,0.0
108,224.0,282.0,b'S/a\xc8\xbe\xa0\x87\xccI\xa7<\xabx\x0c\xe5oo\xc5\xd9G\xfb\xcc\x8d\xcb\x138\x1d\xf0\xc2\x8cB\xa5',13209632,1.0,0x6d359982D9A750AC7e9b2a5211B390C8021A7F5f,0x0000000000000000000000000000000000000000,44.0,137722.0,47000000000.0,0.006472934,207.00000000000003,0.0
109,266.0,261.0,"b'\xdfIp\xe7r\xdc\xae\xcb^\x06\x99\xdf\xb1\x15""\xba*Qb\xca\x99a)*\xc01\x94Q\xaf\xb0\x1a\xf3'",13209657,1.0,0x6d359982D9A750AC7e9b2a5211B390C8021A7F5f,0x0000000000000000000000000000000000000000,34.0,140539.0,46000000000.0,0.006464794,209.00000000000003,0.0
110,268.0,83.0,b'f\xaf@\xd2\x14\xcb\x8f3\x1baQd\x8f%\xbe\xebi\r\x1fm\xafo\xb8z\xcc\xa3A\xed7/S9',13210539,1.0,0xfFaCEf4fA1f0841ea479B168e734C1D5aeb41766,0xD2eadB71FFA6B638c059051b1A3C2157c9cD7A5C,20.0,232383.0,36585668537.0,0.008501887411633671,235.00000000000003,10199.4092953914
111,180.0,126.0,b'\xbb\xab\xb2m\xe3\xf9\xb1Y\xe1\x96!\xbd\xbe\x9b\xd8x\x89\xc3Q\xc8\xc3\xe6\tL\x97}3\xc0\xbe\x8b\x83z',13212525,1.0,0x85670c918fd6A80bdc92202C59D20b6E0c01C7E9,0xfDC09C96E5B7EBe2F6C36E1bc0B6a6A8C6571C82,3.0,216760.0,71819232334.0,0.01556753680071784,250.00000000000003,13515.079622987281
112,152.0,111.0,"b'\x00)\xa6\x05\x89<5v7g\xd6Z\x1a\xad\x88@c\xd0s\xa8k\t\xbb\x13A\xcf!\xeb\xb7\x08\x0f""'",13223159,1.0,0x28de46689b899af843Ec549199AD70a75ad4d960,0x2000e0171c5E7b79b2f29068122CAE26012B02df,30.0,215295.0,44040972623.0,0.009481801200868785,100.00000000000001,16520.01296538384
113,342.0,282.0,b'\n\xc2r\\\x11\x98$\x1f\xf7]q\xa9\xf6\xb7\xf9/^\xc6\x9b\x08h\x9c\xae\xab\xd7\x88J&\xbb\xfa\xc8\xa8',13223170,1.0,0x28de46689b899af843Ec549199AD70a75ad4d960,0x68aAA618D6B7F5C9363760AC473d91056Fc7aC01,15.0,232383.0,37988987861.0,0.008827994966102763,100.00000000000001,14129.752292997182
114,118.0,139.0,b'\xbdNV\xfc\x9d|\r\xb4\xd8q5j\xba\x18\x84}r\x9b\xd6\xb8O\x80B{\x1cj\xde\x8b \x94\xcbj',13223188,1.0,0x28de46689b899af843Ec549199AD70a75ad4d960,0x68aAA618D6B7F5C9363760AC473d91056Fc7aC01,40.0,215283.0,38178954003.0,0.008219279754627849,77.0,9983.66822504406
115,305.0,203.0,"b'\x90x\xd9,\x165\n\xc4H\x0fXZ\x13""\x8e\\\xf2N\xc3\xc0\xa3Uh\xc9\x9dxb\xb3)\x8b*,'",13223243,1.0,0x28de46689b899af843Ec549199AD70a75ad4d960,0xD2eadB71FFA6B638c059051b1A3C2157c9cD7A5C,37.0,215307.0,38369592239.0,0.008261241796202373,100.69043154390901,10223.54436640902
116,335.0,225.0,b'\x90\xed\xf2\xfc\x9a\xdf\x9bq\xcdt\xbe}\xa6\x9f\xf5\xb7oJ\x12\xa8:\xa0\xfe)\x82\xf7iII\xdb\n\x81',13235951,1.0,0xA25207Bb8f8EC2423E2ddf2686A0CD2048352f3E,0x85670c918fd6A80bdc92202C59D20b6E0c01C7E9,13.0,232335.0,40706300611.0,0.009457498352456685,2.25471e-10,18370.678503726
122,76.0,45.0,"b""\x05'Hd\xab+D\xee\xb4E\xb7\xef`\xffZA3\\\xd7\x13G\xd7r\xf7A\xf0\xd5\xc4\xf2\x1e\xc3\xce""",13249745,1.0,0xfDC09C96E5B7EBe2F6C36E1bc0B6a6A8C6571C82,0x351Da3c9B54621f3905462E865FE3723DCBA8e81,49.0,232383.0,45352680400.0,0.0105391919293932,35.0,15655.59455173248
123,483.0,267.0,b'\x925>#^\x1d\xe2\xce\xdf\xf8L\xe6F\xb1\xca%\xbcg\xf6CS\xe0\xab\x1bW\x08\xe0d\xe3v\xb5\xbd',13249764,1.0,0xfDC09C96E5B7EBe2F6C36E1bc0B6a6A8C6571C82,0x351Da3c9B54621f3905462E865FE3723DCBA8e81,50.0,215283.0,39927324301.0,0.008595674157492183,35.0,15674.260347827401
124,246.0,130.0,b'\xab\x88\xcf\x8dD\x8e\xef5\x0c[\xa2\xb7+A\x88\x08c?\xe3\x04\x95e\xcc\xad\xe4\x97#\x921\xfa\x92;',13255019,1.0,0x85670c918fd6A80bdc92202C59D20b6E0c01C7E9,0x68aAA618D6B7F5C9363760AC473d91056Fc7aC01,16.0,215283.0,33124344009.0,0.007131108151289547,400.00000000000006,17311.6438633221
125,171.0,82.0,b'\xa0\xdb\xb5=(2\x84\x80\xeb\xea2z\xa7\xe6\x1e+\rEy\x0f\x90\xa4\x8d\x9c\x00\x0f\x9d\xa4\x16\xc9\x14\x8e',13255028,1.0,0x85670c918fd6A80bdc92202C59D20b6E0c01C7E9,0xA25207Bb8f8EC2423E2ddf2686A0CD2048352f3E,28.0,268060.0,37327573234.0,0.01000602928110604,513.0,16329.742807058521
126,372.0,181.0,"b""Ha'\xfe\x1fu\xb9\x96VK\x0e#\xcf\x84e\x9a\x872#\x1dH\xa9\xfc\xbb\xd9iq\x92\xdf3l\xb7""",13255104,1.0,0xA25207Bb8f8EC2423E2ddf2686A0CD2048352f3E,0xbD75540343904343A49E084523596Ed8d9978d7b,33.0,250972.0,33000000000.0,0.008282076,397.10109172999995,16187.549753471701
127,462.0,260.0,"b'\xaen\xfc\x88,\xcc\xcc\x9a\xff\xc0B\x18\xce\xfa%\xd5Gv\x88\xbc\xf2G=4\x9c\xab\x17\xdd,8\xe7\x8d'",13262147,1.0,0x0000000000000000000000000000000000000000,0x68aAA618D6B7F5C9363760AC473d91056Fc7aC01,32.0,206448.0,37208884453.0,0.007681699777552944,0.0,17554.52377839246
128,98.0,36.0,b'`>\xae%\xd5\xda\xb1\x83HPf0\xaf\xa4\x8d\xb8\xf8\x84\xabLl\xa5\xaa\xe8\x81\x15\xd9\xcaaH\x99\xe2',13263017,1.0,0x68aAA618D6B7F5C9363760AC473d91056Fc7aC01,0xfDC09C96E5B7EBe2F6C36E1bc0B6a6A8C6571C82,39.0,216760.0,58029197305.0,0.0125784088078318,116.00000000000001,8413.3209006663
129,120.0,83.0,b'v\xad\xae\x96>\x0b\x1dc\xaf\r\xb8lR\xf3 K\xc8<\x1dV\xd1\x8c\xc6\x00whY\xc7\xb7\xca\x9b\xc4',13263290,1.0,0x68aAA618D6B7F5C9363760AC473d91056Fc7aC01,0xA25207Bb8f8EC2423E2ddf2686A0CD2048352f3E,13.0,205228.0,99209090204.0,0.020360483164386512,116.00000000000001,1508.55842686614
130,165.0,61.0,b'\xcb$U\xcd|\x1e\x83\xdc\xb6z\x17\xc9\x16\x8a\xb1\xc9u\x03~\xa3\x90\x86\x10\xffwK\x10\x92%\xc9\x08\xeb',13263429,1.0,0x68aAA618D6B7F5C9363760AC473d91056Fc7aC01,0xfDC09C96E5B7EBe2F6C36E1bc0B6a6A8C6571C82,49.0,216760.0,68946321367.0,0.01494480461951092,100.00000000000001,421.63789271076
131,212.0,145.0,b'\xda#4\r\xcf\xe2\xa8\xd59\xe4Y <\x9d\xd4L\x8e\xc8\xa1\xdda<\xb0\xfe\x8c\xa6q\xa9N8\xe4\xe9',13263902,1.0,0x68aAA618D6B7F5C9363760AC473d91056Fc7aC01,0xa6f2eCAf8b54b8776Bfbc453EA7D97422cbe2337,31.0,239229.0,90175785984.0,0.021572663105166336,100.00000000000001,9506.46863638806
132,187.0,131.0,"b'\xabg\xee*D\xb2\x80,A\x94\xa31j\x05p\xe4\xc3\xa4\xa0\xad\xaf<\xd3\xd6\xd1x\x9b7\xa0g\x17s'",13263955,1.0,0x68aAA618D6B7F5C9363760AC473d91056Fc7aC01,0xE3b2F16a52671AF6a5d498D3CfDcCCdC2Ad0D58f,47.0,214760.0,86157350380.0,0.0185031525676088,101.00000000000001,8669.66359927734
133,111.0,87.0,"b'\xc3\xfd\xe7\xb3""r""\x84\x80\x9c\xecMQ\xcaxgO\xcc\xe2\xeb\xbdU\x11\x9e\x00 z\xda\'\x96\xd0W'",13266679,1.0,0x4595bDBeCA72c4FeAECC41ccc2ECaEd34ed291c8,0xE3b2F16a52671AF6a5d498D3CfDcCCdC2Ad0D58f,36.0,231848.0,62634289302.0,0.014521634706090096,90.0,8693.7094735062
134,122.0,86.0,b'\xf6\x0b\xc2\x0c$\\\xd1\xe9PD\xbcz\x8eR\xdd\xbcHt\x19\xc0\x98\xef\x18\xbdS\xfe\x15-;\x15\xfb\xe4',13266712,1.0,0x4595bDBeCA72c4FeAECC41ccc2ECaEd34ed291c8,0xfDC09C96E5B7EBe2F6C36E1bc0B6a6A8C6571C82,50.0,216748.0,60036852766.0,0.013012867763324968,90.0,458.5279273026
135,79.0,54.0,b'e\xee\xa8$\xe2\xd5K\\\xa6|L/\xa6YZ\tR\xe1dl\xe0\xeb\xfem\x87\x15d;\xa8\xf1\x9d\xbe',13266735,1.0,0x4595bDBeCA72c4FeAECC41ccc2ECaEd34ed291c8,0xE3b2F16a52671AF6a5d498D3CfDcCCdC2Ad0D58f,46.0,216748.0,69669355119.0,0.015100693383333012,90.0,18291.21301774404
136,33.0,60.0,b'\xb9\x13\r\x1fk\xe9w\xf1k\xde\xf2\xed\xfe\x11V\x10n\x14\xa7H\xadkH|\x1e\x8b\xb2\nu\xd3\x92]',13266751,1.0,0x4595bDBeCA72c4FeAECC41ccc2ECaEd34ed291c8,0xE3b2F16a52671AF6a5d498D3CfDcCCdC2Ad0D58f,48.0,214796.0,66959047213.0,0.014382535505163548,93.388582929671,8700.221804931001
137,238.0,145.0,b'\xfe\x13\x1cGq)\x18\x0f\x8ae\x12\x1e\x86\xec\r4\x03\x03\x1c\xf1\xcbn?\xf5\xcd\xffl\x0f\xa4\x00o\xed',13266820,1.0,0x68aAA618D6B7F5C9363760AC473d91056Fc7aC01,0x28de46689b899af843Ec549199AD70a75ad4d960,18.0,250960.0,49707889510.0,0.0124746919514296,50.00000000000001,16836.74242366818
138,266.0,193.0,"b'\xa8Z\xaa1\xe8\x07\xcfw\x99\x9cb\xd7\x1f\xc3\xc2,\xfc\xb2\xd7b\xa3\xad\x956\xfdU\x91\xe9\xf7\x17\x87\xff'",13266983,1.0,0xcbF811d9673223B8CE1b284A804fE2d7362A53f1,0xE3b2F16a52671AF6a5d498D3CfDcCCdC2Ad0D58f,22.0,231860.0,50868901584.0,0.01179446352126624,142.0,8700.1655552685
139,419.0,396.0,b'\xf9c\xfe\xf2k\xea\x98\x1a\xe8=_\xc8q\x87\xa5\n\xd9D\xd3\x10\xf8\xaf\x86\xc2\xc7\xe2\xe3\xe0\xd6}\xd9W',13266996,1.0,0xcbF811d9673223B8CE1b284A804fE2d7362A53f1,0xD2eadB71FFA6B638c059051b1A3C2157c9cD7A5C,7.0,233860.0,63490759548.0,0.01484794902789528,142.0,18130.37660853096
140,106.0,69.0,"b'z\xb1\xa5p\xa3\xb7\xadf\xd7\x04\xc7a\xfc\xbb\xe8\x83A/P,f\x9eO\x02]\xfaw\xb3\x81\xf1\xd89'",13267034,1.0,0xcbF811d9673223B8CE1b284A804fE2d7362A53f1,0xD2eadB71FFA6B638c059051b1A3C2157c9cD7A5C,4.0,216784.0,49527077408.0,0.010736677948815872,142.60980352653732,18131.82416383344
141,15.0,20.0,b'H\xc6\xc1\x87i}\xa4\xde\x9cmM\x13u\xce\xbaI\xf3\x92A\x13\xddf\xf1\xfa\x03\xc9\x12M\xa6\xd1O\xe8',13268168,1.0,0x28de46689b899af843Ec549199AD70a75ad4d960,0x0000000000000000000000000000000000000000,32.0,140522.0,51775104622.0,0.007275541251692684,185.0,0.0
142,333.0,258.0,b'\xebz\xb1\xaf0\xa3\xa9_i9\x16\x081\xa66\xed\x98#s\xec\x18\x90\x9e>K\xddk\xda\xb6\xc4\x80\x16',13268283,1.0,0x0788373603522a79fCC5710910C20067f64BAD17,0xA25207Bb8f8EC2423E2ddf2686A0CD2048352f3E,33.0,233860.0,50530851106.0,0.01181714483964916,720.0,245.59522546116
143,455.0,255.0,"b'`@\xdd\xec\xf9\x8aM\xba0\x8c\xae\xdc\xf2*\x87\xbc\x89\x94\xb1Z\x96\x8a\x10Z\x00\x8d(\xf7\xb2""\xdc\xa3'",13268383,1.0,0xA25207Bb8f8EC2423E2ddf2686A0CD2048352f3E,0xbD75540343904343A49E084523596Ed8d9978d7b,41.0,216772.0,36829668931.0,0.007983640993510732,397.07209793,16332.339343404361
144,591.0,294.0,"b'6\x0e\xdd\x80\x85\xb7\x08\xde\xff\x972\xd2\xff\x9e\x98""m\x11\xa7\xc0\xc0f8C\xa14\x86Q\x0bf*\x1f'",13268482,1.0,0x0788373603522a79fCC5710910C20067f64BAD17,0x1711bc52bf7e0494325799717fe640F1924617B7,5.0,250960.0,36376872688.0,0.00912913996978048,720.0,10452.04203975126
145,400.0,574.0,b'\xa4S\xe1\xcby\xcb\xa8qR\x93\x92t\xddgHu\xdc\xa6\x0f\x14\x82\xf9\xedt5\xf7\xe5N _\xf9\xc1',13268488,1.0,0x0788373603522a79fCC5710910C20067f64BAD17,0xbD75540343904343A49E084523596Ed8d9978d7b,21.0,216760.0,40767848804.0,0.00883683890675504,720.0,16560.218025181563
146,137.0,112.0,b'\xfa\x87\xb0\xc6\xcc\x8cw\xb5\x94\xbd\xf4I$\x9d\xd2=\xac\x14\x0e\xecv\x05\x02\xa0\xf3\xaa^\x90T\x18\xd72',13268503,1.0,0x0788373603522a79fCC5710910C20067f64BAD17,0xA25207Bb8f8EC2423E2ddf2686A0CD2048352f3E,41.0,216760.0,50790605480.0,0.0110093716438448,719.0,0.7875462396
147,260.0,141.0,"b'\xc6\x03\xa1Eb\xff{\xd1,\x97\x05\xc9q\xd6BK\xb5*u\xa0Y\xb1\xe6L\xf4R\xc8\xe0\xbd\x87\xa0\xca'",13268573,1.0,0xfDC09C96E5B7EBe2F6C36E1bc0B6a6A8C6571C82,0x4595bDBeCA72c4FeAECC41ccc2ECaEd34ed291c8,50.0,262448.0,31000000000.0,0.008135888,90.0,14.18681513706
151,12.0,46.0,b'\xb1\xe3\xcd\x10L\xac\x7fKp\xa8\tf\xbeZ7\xa8wg\x17\x9dGUe\x93\xd9\xed7\xc84\x91\xe4\xdd',13268655,1.0,0x3A1E9E54F4D708E3ACBDb2CFaa3eC94f34B9b02e,0x68aAA618D6B7F5C9363760AC473d91056Fc7aC01,31.0,233884.0,34708346352.0,0.008117726878191168,100.33316425807132,45.977493293340004
152,69.0,44.0,b'\x15\xf7j`\x10U\x8dm2\xa0\xa1\x94\x14/\x95R\xb4\x01\xd54a\xdf\xdc\x9aP\xb2\xb5\xce\xb5\xeb\xb5_',13268772,1.0,0xfDC09C96E5B7EBe2F6C36E1bc0B6a6A8C6571C82,0x68aAA618D6B7F5C9363760AC473d91056Fc7aC01,18.0,216760.0,41000000000.0,0.00888716,59.00000000000001,14.48184765216
153,337.0,144.0,"b'!\xd3\x80\xb7Ry\x19\xaen\x87T~s\xe7\xc4\xd0\xeel,\x91\xd0\x94\x81uly,\x89:\xb5\xe57'",13273743,1.0,0x68aAA618D6B7F5C9363760AC473d91056Fc7aC01,0x28de46689b899af843Ec549199AD70a75ad4d960,9.0,216760.0,42555644483.0,0.00922436149813508,150.0,16885.341651424802
154,190.0,222.0,b'\xcbC\x13\x85\x10\xa2P\xd6\x8b5!\x16\x0fM\xcf\xeb\x97Q\xd7\xfd\xfds\xba\xc2\xea7\xb1\xba}o\xea\xc9',13274579,1.0,0xE890EB333d154fBb4242327228d3fFce125A5867,0x28de46689b899af843Ec549199AD70a75ad4d960,8.0,233872.0,43359077292.0,0.010140474124434624,120.00000000000001,16891.2964680621
155,296.0,231.0,b'\x13\xb3\x91\x0b\x84\x17-\x026\x8d\x058Ut\x90\xd8\x83\xbb\xcc\xea0\x83)\xdd!\xcaU\x8b.\xad\xe4R',13274618,1.0,0xE890EB333d154fBb4242327228d3fFce125A5867,0x28de46689b899af843Ec549199AD70a75ad4d960,38.0,216772.0,45935828605.0,0.00995760143836306,105.00000000000001,13375.974898962062
156,49.0,36.0,b'_\x16\xd6SJR\xacE\xef\xc9;\x19\xf7d\x991\xf7\xa6(\xbb\x08\xf1\x97O-\xa1\xe4\xaeq\xc95r',13274646,1.0,0x28de46689b899af843Ec549199AD70a75ad4d960,0xE890EB333d154fBb4242327228d3fFce125A5867,38.0,250960.0,50445090463.0,0.01265969990259448,185.0,0.03062420844
161,231.0,161.0,"b""\xf4\xa0\x0f\x93I\x7f\xbd>\xaa@\x19\xf5\x17\x90)j'\x98Q\x19I\xdf\xd4~K\x81B\xc6Y\xd7\x02a""",13275021,1.0,0xE3b2F16a52671AF6a5d498D3CfDcCCdC2Ad0D58f,0x3A1E9E54F4D708E3ACBDb2CFaa3eC94f34B9b02e,31.0,250972.0,31456669201.0,0.007894743182713372,115.50000000000001,20.347083745860004
162,236.0,162.0,"b'}[\xec\xefn\x83""%Q;KCOQ_\xe3OAp\xb5\xe4\x93\xe4\x9f\'\x07Y\x80\x00\xe7\xe66'",13275021,1.0,0xE3b2F16a52671AF6a5d498D3CfDcCCdC2Ad0D58f,0x68aAA618D6B7F5C9363760AC473d91056Fc7aC01,49.0,216760.0,31502368414.0,0.00682845337741864,142.0,72.91311720840001
163,241.0,163.0,"b""\x14l4'\x07\xe9\x10h\x8b\xa4\x05\xcf\xf8\xb6|V\x19\x86\x139C\\?O\xdb\xddT\xf0i\xa53\xd1""",13275021,1.0,0xE3b2F16a52671AF6a5d498D3CfDcCCdC2Ad0D58f,0x28de46689b899af843Ec549199AD70a75ad4d960,14.0,216748.0,31487557058.0,0.006824865017207384,142.0,16874.592773732402
164,70.0,41.0,b'\xd7\x89\x9dj\xab\x8e\xaf\xfb\xe6\xd9\xec\x85\x1c\x85\xb9-1\x8f\x8a\xe7V\xdaC\x9b\xbcg\x19>d\xf6\xe6\xe4',13276246,1.0,0x68aAA618D6B7F5C9363760AC473d91056Fc7aC01,0x28de46689b899af843Ec549199AD70a75ad4d960,19.0,216760.0,60995362907.0,0.01322135486372132,100.00000000000001,16869.4942144458
165,234.0,138.0,b'\xa4g\x08x\xd5\xa0\xc8\xeepL\x1b\xb0\xa7\xce\xd1\xf6\x81\xd1\xfcC\xcd_\xcc\xd36M\\J\xdf\xb2\x98\x03',13276410,1.0,0x28de46689b899af843Ec549199AD70a75ad4d960,0x68aAA618D6B7F5C9363760AC473d91056Fc7aC01,47.0,216760.0,57396698750.0,0.01244130842105,182.0,66.4709995749
166,64.0,37.0,b'\xa1U=\x0b\x88\x1fFrXu\xeaY\x8b\xf6\x13Y[Cc\xc2\x0b\x80\xd3\xc1\xbcqk@9&]\xad',13277401,1.0,0x2000e0171c5E7b79b2f29068122CAE26012B02df,0x28de46689b899af843Ec549199AD70a75ad4d960,12.0,233884.0,56756136375.0,0.0132743521999305,55.832600000000006,16875.693879328202
167,360.0,122.0,"b'\xc4O\xf1\x84V\n\xdc\xfd<\x93\x96\xe6""/2\xa1\xa9\xc7\xca\xba\xf1\xcd\x93\x04\x8bi\x86\xca\x0f\x96z\xaa'",13279084,1.0,0xA25207Bb8f8EC2423E2ddf2686A0CD2048352f3E,0x51BD9fd860223EF52cF77b517EbaB5cA58dc1c63,11.0,240438.0,42000000000.0,0.010098396,397.0718339299999,10505.327097859741
168,88.0,36.0,b'\x15\xa4\xf1YT_\x01\xe5\x05\x85\x01\xb5Yy\xa0mO\xb0.\xf2\xd9\x867pc\xae\xde\xf5\x98\xbc\xb1 ',13279422,1.0,0x51BD9fd860223EF52cF77b517EbaB5cA58dc1c63,0xE3b2F16a52671AF6a5d498D3CfDcCCdC2Ad0D58f,45.0,240414.0,48915042855.0,0.01175986111294197,301.5,18638.208930295503
169,273.0,232.0,"b'\x86\x0c\xd3\xabt\x8fb:u=\x95#^\xeb\xac`2B\xba\tB\x8a\xd3~,\x04\x07f\xcb\x004\x03'",13280409,1.0,0xE3b2F16a52671AF6a5d498D3CfDcCCdC2Ad0D58f,0x51BD9fd860223EF52cF77b517EbaB5cA58dc1c63,25.0,223338.0,46242980737.0,0.010327814831840106,201.98000000000002,19153.4449494078
170,75.0,60.0,b'O.\xb5\xca\xd8\xe3O\x18P?\xbdmr\xe2\x88\x816\x1de&\xf6\xaa4JG\x0f\xa3\xcf\xea\xcaxP',13280526,1.0,0x51BD9fd860223EF52cF77b517EbaB5cA58dc1c63,0xE3b2F16a52671AF6a5d498D3CfDcCCdC2Ad0D58f,49.0,223314.0,58174638051.0,0.012991211121721014,153.0,960.4204142208
171,312.0,133.0,b'0\xba\xc2Re\xeb\xb7\x1cU^\x99p\xc3\xa4\xb6\xad\xf2KRD.\xa3J\x05\xa0@\x8c^\xd4[\x136',13280876,1.0,0xE3b2F16a52671AF6a5d498D3CfDcCCdC2Ad0D58f,0x68aAA618D6B7F5C9363760AC473d91056Fc7aC01,39.0,223338.0,43897584035.0,0.00980399862320883,141.93,1241.9207534331
172,393.0,200.0,"b'E`E\x84\xbf\x01""\xf6\x9e\xe4\xc8\xfe\x91\xe1\x87\x10\x7f\xcb\xf3\x82u\xfc\x93\xc4\xb4\x12\xfc\xae\xfe\xbc\xa2\xb7'",13281266,1.0,0xE864166688e95618920e32619753E23175f189ce,0x77Ef0bB2A8fe8bAb8372da805018D4EA122EB300,42.0,274602.0,56000000000.0,0.015377712,650.0,20071.886754795
173,233.0,208.0,b'\xb9\xcfr=a\x16\x99\xcfD[\xe1P\xe0\xc6\x87-\x13\xde\x96j\x8bn7\xfd\xa2\xffS_\x8d<*\xd0',13281305,1.0,0xE864166688e95618920e32619753E23175f189ce,0xbD75540343904343A49E084523596Ed8d9978d7b,26.0,223302.0,49500630502.0,0.011053589792357604,659.0,17938.450077637503
174,234.0,145.0,b'\xe7\\\xe9\xf7\xf6\xfd\xdcV0\x90@\xddl=\xc9\x1d\x97\x95}y\tc\xcew\xa8\x08\x96VO3-\x97',13281419,1.0,0x68aAA618D6B7F5C9363760AC473d91056Fc7aC01,0xD2eadB71FFA6B638c059051b1A3C2157c9cD7A5C,2.0,223314.0,40306244643.0,0.009000948716206902,216.00000000000003,19652.41585746414
175,178.0,114.0,b';\xea\xcd\xe5h\xdb\xe9\x11\xbe\xc5\x9dz\xd3\x1aT\xe3\xcb\xb2)\xbbj\x92pBbrZ\xdb\x11G\xf9R',13281516,1.0,0xE890EB333d154fBb4242327228d3fFce125A5867,0xD2eadB71FFA6B638c059051b1A3C2157c9cD7A5C,6.0,223314.0,47246255029.0,0.010550750195546106,105.00000000000001,19693.59573179694
176,405.0,188.0,"b""\xaa\xcaq#\x86\x06\xd6=\xc8P\xa8Gw9\xb7:\xa7\xc7Do^y\x01\xc8\xed}'\xc0\xf3\x8d\xa3\xce""",13291724,1.0,0xD2eadB71FFA6B638c059051b1A3C2157c9cD7A5C,0x28de46689b899af843Ec549199AD70a75ad4d960,10.0,223314.0,39454472928.0,0.008810736167443392,127.00000000000001,23625.2270238069
177,316.0,187.0,b'0 Z\xb5\xff\xd8r\\\xab/1h\x10d_\x0c\x7f\x1d#\x925\x062\xbb\xc4\xa3\x02 p\x0f\xb7X',13291741,1.0,0xD2eadB71FFA6B638c059051b1A3C2157c9cD7A5C,0xE890EB333d154fBb4242327228d3fFce125A5867,8.0,223314.0,39099421509.0,0.008731448214860826,127.00000000000001,6758.8312125591
178,321.0,188.0,b'.\xfc?\xc8\x90\xfc\xf2\xbc\x97g\x95\xc1\x0e\xff\xb1\xf6\xefk_\xf2}\x17\xc2\xc1rDWM\xcc\x9d\xae\xcf',13291741,1.0,0xD2eadB71FFA6B638c059051b1A3C2157c9cD7A5C,0x28de46689b899af843Ec549199AD70a75ad4d960,30.0,223338.0,39099421509.0,0.008732386600977042,127.60000000000001,10221.3072274845
179,214.0,98.0,"b""A\x08O\xbc\x02lV\xccjw:\xa7})\xff\x9b\xff\xc1\xf6\x84\xf18\xd3\xfe'T\x93YX\xb9\xf4\x89""",13293828,1.0,0x28de46689b899af843Ec549199AD70a75ad4d960,0xD2eadB71FFA6B638c059051b1A3C2157c9cD7A5C,10.0,216772.0,38896402991.0,0.008431651069165052,250.00000000000003,936.44461504536
180,359.0,173.0,b'\xd9H\x15\xfb\xd8O\x89R\xb5\xbaIq\x18\x7f\x06\x80\xbbK0YP\xc0b\xccW\xfe\xdf\xfa\xa6\xe5\xded',13293918,1.0,0x28de46689b899af843Ec549199AD70a75ad4d960,0x51BD9fd860223EF52cF77b517EbaB5cA58dc1c63,35.0,223326.0,41478976292.0,0.009263333859387192,260.0,25982.64573993816
181,364.0,174.0,"b""\x0f\xf9\x98)\xfc\x8d\x10\\\xce\xb0v\xa9\xd0,\xd7b\xe7v]Z\xe3g\x0f1\xcf\x85#\xde\xf0\xcb\x1d'""",13293918,1.0,0x28de46689b899af843Ec549199AD70a75ad4d960,0x68aAA618D6B7F5C9363760AC473d91056Fc7aC01,19.0,223314.0,44012572942.0,0.009828623713969788,260.0,7725.325877764561
182,59.0,52.0,b':\xfb9B\xb6\x87\xeb\xb7\xb2\xa1\xd2\xd8\x8e\xe9\x9a\x0e\xa5~N#\x04\xd7r\x01\xa0t\x89F\x8f\xd6\xc4\xc3',13293967,1.0,0x28de46689b899af843Ec549199AD70a75ad4d960,0x28de46689b899af843Ec549199AD70a75ad4d960,29.0,210926.0,31510389686.0,0.006646360454909236,290.0,21123.7191807612
183,64.0,53.0,b'\x17\xa9[\xbb\xe6\xc4\xb7\x10\xf8#\xa0\xcc\xb3/\xe0Q~\xda\xcf\xfd\xd3&(\xfbQt\x0fiF*\xea\xb2',13293967,1.0,0x28de46689b899af843Ec549199AD70a75ad4d960,0x68aAA618D6B7F5C9363760AC473d91056Fc7aC01,9.0,223302.0,47954101325.0,0.01070824673407515,270.0,7748.917743056641
184,73.0,52.0,b'z\xcc\xfdfQL\xa7\xd3\xe1X\xe46]\xd2\xf3\tA\x85R\xf1\xab\x1f\xe3\xeb\xd3\xffh\x869\xd5\xeaW',13293997,1.0,0x28de46689b899af843Ec549199AD70a75ad4d960,0x28de46689b899af843Ec549199AD70a75ad4d960,40.0,210926.0,33086468674.0,0.006978796491532124,260.0,11217.84024131934
185,463.0,278.0,b'V\xf1\xc3\xa1\xbd\x91\x81R\xf0b\xe8\x8d\xd2\xcd\xd7!\xe9q\x16\x00\x90\x0b\x06\xc6\x94\xfan\x88\xf1\xa3N?',13294044,1.0,0x28de46689b899af843Ec549199AD70a75ad4d960,0xE3b2F16a52671AF6a5d498D3CfDcCCdC2Ad0D58f,31.0,223326.0,34029254032.0,0.007599617185950432,266.0,7780.638920532901
186,278.0,150.0,b'\xa4;Shb?\xe5\xe7\xf8\xa0:\x00\xba\xb8_\x8c\xba\t\xf2\xe80\x9a\xef=\xb5\xaa\x92I`\xb5\xb1@',13294070,1.0,0x28de46689b899af843Ec549199AD70a75ad4d960,0x28de46689b899af843Ec549199AD70a75ad4d960,15.0,210926.0,38511991196.0,0.008123180255007496,235.00000000000003,11252.740929177
187,283.0,151.0,b'[I\x02\xaa\x08\x13!B^\x0c\xb6[\xcb\xd7\x02\x11>\xe8\x9e\x0b\x13\xa1\xa2\x90\x83\x0f\xd9\x9c%\x9f\xce\n',13294070,1.0,0x28de46689b899af843Ec549199AD70a75ad4d960,0x28de46689b899af843Ec549199AD70a75ad4d960,37.0,210926.0,45173158158.0,0.009528193557634308,236.00000000000003,11239.15446058278
188,71.0,31.0,b'7\x98\xd5.\xd4\r\x06\xbc\xcdw\xf5OK\xa1\xd3\xa2\x86\x98*\xfa\xcd\x02\xf2\r>\x84\xbd\x8f\xb37\x08$',13294631,1.0,0x68aAA618D6B7F5C9363760AC473d91056Fc7aC01,0x51BD9fd860223EF52cF77b517EbaB5cA58dc1c63,49.0,216760.0,46268211790.0,0.0100290975876004,250.00000000000003,7072.080206400301
189,124.0,71.0,"b'D\xd1\xb4\xfe\xfcb\xc9\x87\xbd\x87\xe9j\xc5\x9fU=\xcf\x05\xd0Q\x01\xf3}\x85\x12\xd6\x81u\x0e@\x81""'",13295339,1.0,0x9B7346bE09820923E13015700E7a22d00DC81147,0x2000e0171c5E7b79b2f29068122CAE26012B02df,12.0,274614.0,45574673271.0,0.012515443325642394,68.0,8330.5445562375
190,303.0,115.0,b')G6\xee\x9a\x9c\x18\x94\x00\xbc7\xff\xc4\xad \x90\xff\x13\xc5\xcc\x07\xf3\xef\xc0\xd8\xa5\xcf\x98\xf5)\x96\xb5',13297075,1.0,0x2000e0171c5E7b79b2f29068122CAE26012B02df,0xcbF811d9673223B8CE1b284A804fE2d7362A53f1,7.0,274638.0,33137815032.0,0.009100903244758416,155.20000000000002,9076.538775636242
191,440.0,228.0,"b'CI\xed\x05Q8\xc1\xd1U\xa0\xfd\xd21\x1fp\xc2\xe4\xd6\xe5O\xa3\xd7h\xaf\xaa\x91\xc2,\xb2\x8e\xbf\xad'",13297927,1.0,0xE3b2F16a52671AF6a5d498D3CfDcCCdC2Ad0D58f,0xE890EB333d154fBb4242327228d3fFce125A5867,6.0,216760.0,30618060907.0,0.00663677088220132,115.00000000000001,7853.171397474601
192,191.0,115.0,b'\xbfW\x1bL\xb7\xf2\xf2\x02\xe4\xde\r\xf3Y\xd2\xf2\xa6\xd4\tB\x98\xa0\xaag\x88\x92\xcc\xf0\x896\xb3\x92s',13298341,1.0,0x99CCF0db7783927E9a1Ad324e99b6964C587024A,0x9B7346bE09820923E13015700E7a22d00DC81147,12.0,285172.0,59545565954.0,0.016980728134234088,111.00000000000001,1213.0795217439002
193,101.0,66.0,"b""t%\xd3\xc2\xdd\x93\xe3\x85\x07'x\x0b\x04\x92\x98(\t\xa8zA\xcdx,\xf9[`^<V\xcce\xda""",13298645,1.0,0x99CCF0db7783927E9a1Ad324e99b6964C587024A,0xE3b2F16a52671AF6a5d498D3CfDcCCdC2Ad0D58f,14.0,223314.0,40880753801.0,0.009129244654316514,195.0,9662.65653419784
194,106.0,67.0,b'\xea\x07\xa8p\xbe\x1a>\x9a\xaaW\xf4\x93\xd82\xdd\x15\t?\xd4P\xf1\x180\x0e\xc0\xd4\xea\x14\xb3\xdfY8',13298645,1.0,0x99CCF0db7783927E9a1Ad324e99b6964C587024A,0xE3b2F16a52671AF6a5d498D3CfDcCCdC2Ad0D58f,6.0,216772.0,44673080372.0,0.009683872978399184,133.0,279.97268956554
195,13.0,4.0,b'\x83\x11\xb7\xd7cxy[L\xfb\xbe\xa4\x029\xd8\xac\x89\x18\xc9\xd5\xc4\xa61-.\xd9\x14i\x06\x89\x17L',13298657,1.0,0x99CCF0db7783927E9a1Ad324e99b6964C587024A,0x4595bDBeCA72c4FeAECC41ccc2ECaEd34ed291c8,36.0,223314.0,40635849069.0,0.009074553998994666,111.00000000000001,9702.643028617502
196,292.0,186.0,"b'\\\xed\x9bM7\xb8\xd0""(""\x00&\x19)\xc6\xbc\xc7\xad\x83A\x03\xea[\xcc\xe8N\x99\xc5\xf4(4\x86'",13298827,1.0,0x51BD9fd860223EF52cF77b517EbaB5cA58dc1c63,0xD2eadB71FFA6B638c059051b1A3C2157c9cD7A5C,30.0,216760.0,48647983506.0,0.01054493690476056,152.0,2974.4493716901
197,188.0,186.0,b'\x88e\xad\x0e\tM\xbf\x7f\xdb\xed\x87\xd8\xef\x92{e\xcc\x83\x82\x91\x1a\xed4\xb7-\x8d$F\x87e\x8d\xa2',13298832,1.0,0x51BD9fd860223EF52cF77b517EbaB5cA58dc1c63,0x99CCF0db7783927E9a1Ad324e99b6964C587024A,36.0,250960.0,54759298355.0,0.0137423935151708,160.0,67.46404561050001
198,139.0,88.0,"b'D\x0e~+\xca\xc5\x88\xb0`,CX4\xcc-%\xd2\xad\xe5\x7f\xa8\xd0$\xf7\xe2\xec\xa9\xe3\xce\x06s\xa1'",13298952,1.0,0x99CCF0db7783927E9a1Ad324e99b6964C587024A,0x68aAA618D6B7F5C9363760AC473d91056Fc7aC01,13.0,223314.0,31687404665.0,0.00707624108535981,155.0,9855.776124913862
199,437.0,312.0,"b'\xb9\x18\x96\xcaW\xc4\xd2%\xde\x96\xbc%2\xebz\x9f:V\xaf\xcd\x03\xd2\xf4i\x90L!,\xa4r\x88i'",13298955,1.0,0x99CCF0db7783927E9a1Ad324e99b6964C587024A,0x4595bDBeCA72c4FeAECC41ccc2ECaEd34ed291c8,46.0,223326.0,28421804940.0,0.00634732801003044,122.00000000000001,9816.848877936602
200,442.0,314.0,"b""[\xd2\xec8\x99\x0f]\xfa'\x1cI\xb2/H9\n\xdc~\x81<E\xba\xb8|\x97WZ,>\xc97\xb0""",13298955,1.0,0x99CCF0db7783927E9a1Ad324e99b6964C587024A,0xD2eadB71FFA6B638c059051b1A3C2157c9cD7A5C,8.0,216760.0,35663137577.0,0.00773034170119052,154.0,3023.61428542194
201,447.0,315.0,b'\xc7\xf03d\x00\xff\xe1\xad\xbc_\xa8H\x11\xd4\xc5\xd9A\xe9H\x00/\x88kK\xb1\xd8t5\x80\x87%\xaa',13298955,1.0,0x99CCF0db7783927E9a1Ad324e99b6964C587024A,0x4595bDBeCA72c4FeAECC41ccc2ECaEd34ed291c8,48.0,223314.0,44096091654.0,0.009847274611621356,112.00000000000001,9816.70696195884
203,171.0,71.0,b'1\x80+\xdf\xc71K1.I\x94\x03\x1d\xa5\xd1]\x943\xb7\x8b#\xfc\x83\x1a\xf4\xf6pL\x89\xad\\z',13300092,1.0,0xE3b2F16a52671AF6a5d498D3CfDcCCdC2Ad0D58f,0x99CCF0db7783927E9a1Ad324e99b6964C587024A,6.0,216784.0,33595633250.0,0.007282995758468,256.70000000000005,549.19489278786
207,307.0,185.0,b'\\\x81I\xa8\n\x99\x04i\xbd\xe4\xf8*\x96\xaap\xc0\xc8$\xd7uw\xa1Pf\x7f\xd1\xdb\x0cr\x17\x00\x85',13300536,1.0,0x1711bc52bf7e0494325799717fe640F1924617B7,0x85670c918fd6A80bdc92202C59D20b6E0c01C7E9,1.0,240438.0,54465357728.0,0.013095541681404864,424.94206559401067,30298.210733041265
208,450.0,273.0,b'9\xd8\x87w\x0fM\xb5#\xd7\xdd!A(0z\t4N?\x8fv\xc0\xe58\x9eY\xd4\xab>PE\xbd',13301812,1.0,0x99CCF0db7783927E9a1Ad324e99b6964C587024A,0xcbF811d9673223B8CE1b284A804fE2d7362A53f1,22.0,223302.0,58299752829.0,0.013018451406221358,156.0,10871.62486122564
209,455.0,274.0,"b""\xd6\x9b\x0c\xea\x9c;\x87\x08\x11*\\!\xf8A\xcd\xe1\xa8\r\xca'\x1do\xab\x8f\xaf4\r\xb6]\xc1\x1b\xdb""",13301812,1.0,0x99CCF0db7783927E9a1Ad324e99b6964C587024A,0xE3b2F16a52671AF6a5d498D3CfDcCCdC2Ad0D58f,39.0,216748.0,73623492972.0,0.015957744854695056,156.0,9676.002192003602
210,417.0,242.0,b'\xf9~\xccV\x9f\x89N\xae>\xf5y\x99\x12\x11o\x86\xd3\xe1\x8f\xc7glu\x17\xcaK\xdd_\xad\x9a7\x83',13301842,1.0,0x99CCF0db7783927E9a1Ad324e99b6964C587024A,0xfDC09C96E5B7EBe2F6C36E1bc0B6a6A8C6571C82,18.0,240426.0,37899921900.0,0.0091121266227294,84.0,10869.244216751702
211,263.0,212.0,b'>?\xd5\x88\x17\x96\xb2\xa2\xb9H\xa86\xab>\x1b\xaa$\x81r\xe4\xf7\x93\xc1\x8b\x88)\x84\x91\xb2;\xb8\xfa',13301848,1.0,0xD2eadB71FFA6B638c059051b1A3C2157c9cD7A5C,0x99CCF0db7783927E9a1Ad324e99b6964C587024A,39.0,216760.0,35856575857.0,0.00777227138276332,190.5,12.83043503556
212,268.0,213.0,b'i\xca\xfb\xa5\x83(]=\xd2AF\xc4\t\x88\xfb\xee\xa5\xa8X\x16\xef\xb3\rsh\xd1@p\x93%zy',13301848,1.0,0xD2eadB71FFA6B638c059051b1A3C2157c9cD7A5C,0x2000e0171c5E7b79b2f29068122CAE26012B02df,7.0,216784.0,35856575857.0,0.007773131940583888,190.78,1807.8058419337203
213,120.0,104.0,"b""\x03L0\xc2\xcd?\x16\xce\xbc\xd7\xe8}\x01\x8f\x7f]*:U\x8d'\x19\xa2\xf4\x00\xec\xd3N\xf3\x8e\xb5l""",13301900,1.0,0xE3b2F16a52671AF6a5d498D3CfDcCCdC2Ad0D58f,0x99CCF0db7783927E9a1Ad324e99b6964C587024A,48.0,216784.0,34881930056.0,0.007561844325259904,141.57000000000002,1088.2761153276
214,135.0,124.0,b'\xc5\xa9\xea\x1b\x90\xf3\x99\x8fiT\x9c\xb6?\xf2\xb1z\x07\xeeR\xb1\x89\x96\x00\x84+\x11e3\x9d\xb6iP',13301900,1.0,0x2000e0171c5E7b79b2f29068122CAE26012B02df,0x51BD9fd860223EF52cF77b517EbaB5cA58dc1c63,30.0,216796.0,34000000000.0,0.007371064,155.18,1137.44102905944
215,484.0,265.0,b'\x1d\xadp\x7f\x96\x9c\x1d\x18=D\\$`\x96\x14_\xfe\xb3]\xb5\x1a\xcc\r\x07\xe9\xdd^\xd3\xf4\xd2AP',13302104,1.0,0x51BD9fd860223EF52cF77b517EbaB5cA58dc1c63,0xE3b2F16a52671AF6a5d498D3CfDcCCdC2Ad0D58f,48.0,216760.0,47045649813.0,0.01019761505346588,152.0,72.38168759436
216,73.0,53.0,b'x\xb6\xe2S:\xdeq@g\x8b}{\x90G/p\xaf\x8an\xe3\xac\xdeT\xea\xc8\xea8\x92\xcdP]\xd0',13312266,1.0,0xcbF811d9673223B8CE1b284A804fE2d7362A53f1,0x28de46689b899af843Ec549199AD70a75ad4d960,35.0,216796.0,72298283979.0,0.015673978773511284,282.70184,6357.72993863964
217,128.0,69.0,b'\xf6\x81\x00\x8e@|\x86\xf5\xd6\xfd\x9e\x0eL7\xadQ\xa1v\xf5.\xd1\xddj\x92\xf2\xe4JZ\xb0\xad\x1c\xfe',13312522,1.0,0x7D415A8149741f668B114AB41aA44bA3878e108b,0x6d359982D9A750AC7e9b2a5211B390C8021A7F5f,17.0,289738.0,74176713469.0,0.021491812607081122,368.92046776258314,20810.764382426343
218,55.0,43.0,b'g\xeb}\xa3\xf4\xab\x0b2\xed-\xee\x8c9\xb6\xe7u\xe8\xdf\xd8\xd2\x05\xe8\xdb\x99\xa2R<\xc2\xdav\xcb\x14',13320438,1.0,0x28de46689b899af843Ec549199AD70a75ad4d960,0xcbF811d9673223B8CE1b284A804fE2d7362A53f1,4.0,223326.0,47362682452.0,0.010577318421275352,266.0,16037.18534748396
219,23.0,9.0,"b'.6\xf5j|\xe4\x8d\xb5\x18""D\x94x\x89\xdb\xa3\xa1\xeb\x1d\x00\xfdE<E\x7f\xc5\xef\xb7\xd5\xa3\x7f\x94'",13321126,1.0,0x4595bDBeCA72c4FeAECC41ccc2ECaEd34ed291c8,0x2000e0171c5E7b79b2f29068122CAE26012B02df,30.0,216784.0,70198516240.0,0.01521791514457216,360.63278692967106,5274.09153372606
220,117.0,80.0,b'\xa0>\xa1U\xee<`\xa9hw\x9b\xbc\x99%F\xfd\xa7I\x88_\xb6#Y\xba\xd1\x877\xf8\xef\x9f\x9f\x83',13321438,1.0,0x6d359982D9A750AC7e9b2a5211B390C8021A7F5f,0xE3b2F16a52671AF6a5d498D3CfDcCCdC2Ad0D58f,25.0,216760.0,61335515289.0,0.01329508629404364,206.00000000000003,15314.11541193396
221,78.0,36.0,b'!\xa5\xb8X\xc0\xfa%\xe7\xab\x1e\xaf\x01\x8b;\xe9F\x8d9\xe1O\x82\xf4\x85\x87r\xaaK`)\xbeE\x92',13321493,1.0,0x68aAA618D6B7F5C9363760AC473d91056Fc7aC01,0x99CCF0db7783927E9a1Ad324e99b6964C587024A,18.0,216760.0,71429019833.0,0.01548295433900108,115.00000000000001,5367.777833628361
222,87.0,45.0,b'H\xcf}W\x1a$\xa7!L\x98\xd1\xfc\xf5{\xb7\xfe\xfe\x9f2W\xd5\x9dR\xb2\xf4y\x05\x85\xe0++\x8e',13321543,1.0,0xcbF811d9673223B8CE1b284A804fE2d7362A53f1,0x99CCF0db7783927E9a1Ad324e99b6964C587024A,12.0,216784.0,83899937834.0,0.018188164123405856,141.27470352653734,6682.557033220861
223,260.0,88.0,b'\x87;\xd1\x8b\x9eE\\\x0b\x02\x96\xfa8\x07\xa6\tj\xb6\x97\xe2\x9b\xb8\xd0\xd8\x05\xde[)S\t\xd5\x85\xe7',13326484,1.0,0xE3b2F16a52671AF6a5d498D3CfDcCCdC2Ad0D58f,0x51BD9fd860223EF52cF77b517EbaB5cA58dc1c63,45.0,216796.0,37908658081.0,0.008218445437328476,342.90000000000003,16808.882210027703
224,239.0,175.0,b'zN\xdeA\x8c\xba\xc6\nB\xa5;\x97L\xfaJS I\xfes1\xa0\xb4\x95\xf9\xb4\x9f\xe9\xbf8\xa4\xfa',13327369,1.0,0x51BD9fd860223EF52cF77b517EbaB5cA58dc1c63,0xcbF811d9673223B8CE1b284A804fE2d7362A53f1,35.0,216772.0,69646625658.0,0.015097438337135976,301.0,3180.6260475792005
243,147.0,45.0,"b'\xd6ze\x8a9\xbe\xb2U,\x19\xabi\xb2w\xc9\x84\xfd\x7f3\xbak!\x1e\xc5\xc3\x81\xc1|\xe5Lj['",13341610,1.0,0x99CCF0db7783927E9a1Ad324e99b6964C587024A,0x6d359982D9A750AC7e9b2a5211B390C8021A7F5f,44.0,221314.0,48220092167.0,0.010671781477847438,231.00000000000003,25610.573507768942
244,152.0,46.0,b'\xfe&m>\xa3\xb9\xc3\\\xaa\xea\xd8\xa9drG\xcah\xefm<|rd\x87\xa4j\xeeH7c:\xec',13341610,1.0,0x99CCF0db7783927E9a1Ad324e99b6964C587024A,0x6d359982D9A750AC7e9b2a5211B390C8021A7F5f,34.0,221314.0,50975429120.0,0.01128157612026368,231.00000000000003,25603.378709617442
245,280.0,297.0,"b""\xd1\x0b\x08y\xcf\x1e\x00\x82~\xe3ti\xd6r\xa4\x03t>'X\x80\x0f\xc5\x93\xe9s\xfcs\x8c\xb0\x80\xbd""",13345415,1.0,0x0000000000000000000000000000000000000000,0x68aAA618D6B7F5C9363760AC473d91056Fc7aC01,2.0,189348.0,39120925559.0,0.007407469012745532,0.0,17776.20888486204
246,401.0,239.0,"b'\r\x1dd\xb2g$""\xac\x0c<b\xa5\x00\xb7\x88bd\xd9\x08b\xcc\xd2\x10\xfb\xa9\xf1I!\x05|1\x84'",13345432,1.0,0x0000000000000000000000000000000000000000,0x68aAA618D6B7F5C9363760AC473d91056Fc7aC01,18.0,189348.0,32811913985.0,0.00621287028923178,0.0,3034.20940458654
247,84.0,56.0,"b""-|\x10\xf0\x01,'xU\x1f\x84\xb2\x15\x99\xea\x94\x16m\x05\xb6\x8d&\xa6?\xb1\xebGr\x13z\x90G""",13345640,1.0,0x68aAA618D6B7F5C9363760AC473d91056Fc7aC01,0xfFaCEf4fA1f0841ea479B168e734C1D5aeb41766,20.0,274614.0,37405180159.0,0.010271986144183626,329.0,25654.086926525644
257,437.0,245.0,b'\xe8/\x1b\x8fh\xef\xa7s[\xd4\xa0)!H\xb5^\x1d\xce\xf1uU\xde\xa0Y\xa8\xf6~+\xe2Y\x0em',13377679,1.0,0x2000e0171c5E7b79b2f29068122CAE26012B02df,0x0000000000000000000000000000000000000000,18.0,101631.0,67100000000.0,0.0068194401,0.0,0.0
258,257.0,128.0,b'\xf5\r\xc7\xec\xfe\xe5\x0f\xef\xbd5d\x11\xc6\t\xe2\x05A\xcbl\xaeM\x02\xe7\xd2fz \x81\x06\x92\xe5\xab',13377684,1.0,0x2000e0171c5E7b79b2f29068122CAE26012B02df,0x0000000000000000000000000000000000000000,2.0,101631.0,67100000000.0,0.0068194401,0.0,0.0
259,92.0,63.0,b'\xd6\x89t\x8f\xd4\xa9\x12\xf3K\xf3\x99\xc8\x8b\xffl&@\x122\xe3ANrz3\x00\x88][\xacb\x83',13378092,1.0,0xfDC09C96E5B7EBe2F6C36E1bc0B6a6A8C6571C82,0x2000e0171c5E7b79b2f29068122CAE26012B02df,2.0,213283.0,69000000000.0,0.014716527,25.000000000000004,0.025485006
260,132.0,77.0,b'G2\xcfN\xb1\t+\x06\xf6\x99\xa7\xc3\x1e~\xc3\x94\xdca\x92x\xd12r\xbb\xed\xd5\xb5S\x87\xe1P{',13378163,1.0,0xfFaCEf4fA1f0841ea479B168e734C1D5aeb41766,0x2000e0171c5E7b79b2f29068122CAE26012B02df,18.0,193306.0,69894607257.0,0.013511046950421642,115.00000000000001,0.028485379560000003
261,270.0,168.0,b'\x80:U\xe0\xf6Z\x9c\xee\x03\xc2\xdfs[)\xbc\x9fa\x0cA\xb1\xda9c\xff\xfcS\x12^%\xbb)\xdf',13378220,1.0,0xfFaCEf4fA1f0841ea479B168e734C1D5aeb41766,0xfDC09C96E5B7EBe2F6C36E1bc0B6a6A8C6571C82,50.0,223338.0,62211290820.0,0.01389414526915716,118.82000000000001,20022.330126937384
262,255.0,221.0,"b'v4\x10[;\x16""\x89\x9c\x0e\xde\x9f\x99\xd6\x9d\xa6\xa5\xa9\xf0O\x96/\xfc\xb5\xf6\xae\x84D\xd6*gB'",13381967,1.0,0xfDC09C96E5B7EBe2F6C36E1bc0B6a6A8C6571C82,0xfFaCEf4fA1f0841ea479B168e734C1D5aeb41766,18.0,216371.0,84000000000.0,0.018175164,118.00000000000001,1783.8004631420401
263,52.0,39.0,"b""\xff\xe6rZ\xf6\x04.,\xcc\xc4\xa0\xa6&\x93'\xe1P\x1d\xad5\xc6\xd3\xfe\xd0\x1coF\x7f\x82\x97@1""",13388832,1.0,0x77Ef0bB2A8fe8bAb8372da805018D4EA122EB300,0xbD75540343904343A49E084523596Ed8d9978d7b,27.0,223374.0,94821510203.0,0.021180660020084922,513.0584176038986,41897.157962952544
264,232.0,125.0,b'\x84\x18\x1f\xdd3\xd0Yra\xa4\xea2\xbbo&!\xd5\x8eEC\xc8\x91\x12.\xaf\xde\xc8yw(.v',13396322,1.0,0xcbF811d9673223B8CE1b284A804fE2d7362A53f1,0x51BD9fd860223EF52cF77b517EbaB5cA58dc1c63,48.0,223314.0,81567946155.0,0.01821526432765767,151.20000000000002,17796.302326041903
265,105.0,66.0,b'1t\xe6c\xa1\x19ZG\x90\x9d$\xf6\xaex\x83k\x98\xf2\xb3\xad\xe8%\xcb\x02=a\xa3O_\xe0\x83\xd1',13396343,1.0,0xcbF811d9673223B8CE1b284A804fE2d7362A53f1,0x6d359982D9A750AC7e9b2a5211B390C8021A7F5f,25.0,223326.0,74598204737.0,0.016659718671095262,210.18098041744372,12541.0320272739
266,332.0,263.0,b'\xf4\xeb\x17\xb5-\x01\x82tN\xf5\xf1\xe2\xce\x14\x9a\xceP\xda\x1b\xae\x83\xf1A\x1b\xe6N\xe2\xaf\x9f:\xa9N',13397562,1.0,0x51BD9fd860223EF52cF77b517EbaB5cA58dc1c63,0x99CCF0db7783927E9a1Ad324e99b6964C587024A,46.0,223314.0,96544610722.0,0.021559763198772708,148.0,19456.741219312262
267,130.0,151.0,b'\\\xe5\xf3!F\xa9^\x7f7^\x95:\x99Q\xde\xd8\xe6L\xe5\ra\xd6`e>\x0b\xfaM\xef\xaa\xe2\x9a',13422448,1.0,0x0000000000000000000000000000000000000000,0x68aAA618D6B7F5C9363760AC473d91056Fc7aC01,49.0,193902.0,84219859154.0,0.016330399129678908,0.0,28370.92460425536
268,247.0,148.0,"b""\x9bl\x17\xcf\xc4\x0e\x08\xc3\xb4\xef\xb5\x94_\xc8\x11KS\xca\xf1W\xdf\xb0\xf0\xd0Xv'\xb8:\xb5\xa4\xc9""",13427397,1.0,0x0000000000000000000000000000000000000000,0x68aAA618D6B7F5C9363760AC473d91056Fc7aC01,20.0,195902.0,84186721385.0,0.01649234709276427,0.0,18003.728495511063
274,184.0,199.0,b'\xdc\x16\xc5\xc0\xa6\x05\xbd\xb7u\xa1\xa8\x95\xcds\x97\xae\xb3ZwJ`\xe4\x92Z7\xc6\xdc\xd5\xd0\x06{\xbd',13440126,1.0,0xE890EB333d154fBb4242327228d3fFce125A5867,0x0000000000000000000000000000000000000000,20.0,140522.0,52003520469.0,0.007307638703344818,222.00000000000003,0.0
278,58.0,91.0,b'\x95\x03@\xfb\xae\xd1\xe1\xe5\x00\x8d&\xf6U}1\xd3\xbep[\x96\x94\xb8v\xa3\xae\xf0>\x13\xdf\x8d/|',13452903,1.0,0x6d359982D9A750AC7e9b2a5211B390C8021A7F5f,0x0000000000000000000000000000000000000000,49.0,140551.0,53133347509.0,0.007467945125737459,618.548634501808,0.0
279,274.0,152.0,"b'\xf8O\x17\x83R\xc3\xab\xe6\xc9\x0f\xc2\x9d\xe6\xb8\xf3\xef:\x80\x13\xb3,{$\x8bf\x0b^4\x81\x87\x0bo'",13477311,1.0,0xD2eadB71FFA6B638c059051b1A3C2157c9cD7A5C,0x99CCF0db7783927E9a1Ad324e99b6964C587024A,8.0,223314.0,43425064956.0,0.009697424955584184,155.08,30219.68926689876
280,279.0,153.0,b'x%\x8d\xe1\xd3\x01\x0c\x81C~\x1d\x87o\x1flT\x8b\xf5\xffV\x81&\xac\xda~N\xaa\xbb$C\xaa\x00',13477311,1.0,0xD2eadB71FFA6B638c059051b1A3C2157c9cD7A5C,0x99CCF0db7783927E9a1Ad324e99b6964C587024A,13.0,223314.0,44000000000.0,0.009825816,155.07000000000002,30220.8397697856
281,652.0,338.0,b'\xaa]c]\xe8.\xd1\x89\x9f\x87\x9c=\xf5\xd4\xdd\xc4\x19w\xd2t\xf1\x069E%3\x08\xfe\x14\xe9u\x07',13477311,1.0,0xE3b2F16a52671AF6a5d498D3CfDcCCdC2Ad0D58f,0x51BD9fd860223EF52cF77b517EbaB5cA58dc1c63,36.0,223350.0,42100000000.0,0.009403035,228.60000000000002,30266.9307230748
282,83.0,74.0,"b'j\x1e\xd5,\xe3\xb7c\x08\x92\x03;\x1a6\xd1c\x83$/\xc5\xd2\x89\xd8\x14\xf1}Ib\xe7W\x03T\xac'",13477811,1.0,0x51BD9fd860223EF52cF77b517EbaB5cA58dc1c63,0x99CCF0db7783927E9a1Ad324e99b6964C587024A,22.0,223314.0,69101973872.0,0.015431438193251808,155.0,29162.809816074
283,510.0,320.0,"b'}@f\xb6\x8e\x86|\t\xbb T\xa3Lf\xb9\x05\x1e`\xe1\xa7\t\x1d\x92\xa8,\xb4\x9e\xeb\xea$D\xfb'",13478107,1.0,0x99CCF0db7783927E9a1Ad324e99b6964C587024A,0x28de46689b899af843Ec549199AD70a75ad4d960,47.0,240450.0,49913851779.0,0.01200178566026055,191.0,40000.89929506806
284,267.0,157.0,b'(*d\xe3\x97xi\x94N#<)\xaf\xe3\x805%3\xcc\x96\x00\x08w\xbb\xdf\x04u\xa8\xaa\x1e\xf6\x10',13478141,1.0,0x99CCF0db7783927E9a1Ad324e99b6964C587024A,0xD2eadB71FFA6B638c059051b1A3C2157c9cD7A5C,13.0,233860.0,59803525675.0,0.0139856525143555,191.0,0.07167258330000001
285,485.0,282.0,b'R\x18\xf7^\xfd\xf4lf\\\xd8\x1e\xd07\xc1\x1f2\x02\xdc\xbc\xc7\x8f\xbdt\x93\xe5u`1Vu\xc7M',13478175,1.0,0x99CCF0db7783927E9a1Ad324e99b6964C587024A,0x28de46689b899af843Ec549199AD70a75ad4d960,32.0,221350.0,54032067033.0,0.01195999803775455,191.0,40025.32403911968
286,582.0,316.0,b'}\xf5\xa1%\x1c\xd7-\x7f\xef\x8dd\xdc*-eg\x1ev\xb7\x11\x95\xdb\xc8\xe6\xbd\x04U\xc1\xb7\xfd\x8d\x96',13478191,1.0,0x2000e0171c5E7b79b2f29068122CAE26012B02df,0xE890EB333d154fBb4242327228d3fFce125A5867,20.0,214796.0,39404254781.0,0.008463876309939676,263.9,1166.0026667439001
287,394.0,251.0,"b""a\\\xffxD\xdf@\x1dX\xb0g\xd6.\xd6\x05X;\x90'D\x8bkEe/\x9d`}1Q~Y""",13479403,1.0,0x28de46689b899af843Ec549199AD70a75ad4d960,0xD2eadB71FFA6B638c059051b1A3C2157c9cD7A5C,8.0,223314.0,38075716904.0,0.008502840644699856,232.00000000000003,299.77398000396005
288,408.0,237.0,b'\xd8\xfa\xf1\xd4\xff\xb1\x19\x8fS/y\xde\x83\x96\xa8z\xe7\xf0\xfc(Xq\xa9dq\x93\x8c\x8d\xd4\x12\xe9k',13479512,1.0,0x28de46689b899af843Ec549199AD70a75ad4d960,0x99CCF0db7783927E9a1Ad324e99b6964C587024A,14.0,223350.0,42255164928.0,0.0094376910866688,262.0,30703.48043170206
289,83.0,60.0,b'\xa1\x004\x93Cn \x04\x08x\xfa\xe9z\x90\xdc\x1d\xdbQ\xc1\xbd\x9a_K\x10f\xb4\x88\xefL\x92\xa5V',13479735,1.0,0xD2eadB71FFA6B638c059051b1A3C2157c9cD7A5C,0xcbF811d9673223B8CE1b284A804fE2d7362A53f1,12.0,240450.0,41602910883.0,0.01000341992181735,155.03,24270.729707328483
290,88.0,61.0,"b""\xde\xe0<\x0f\x89\xaa\xf7@*\xd0_4<m\\t\x98\xb2\xa8c#\xf9\x84\xe1'\xd6\xa9\xd3\x8f8\x89\xbf""",13479735,1.0,0xD2eadB71FFA6B638c059051b1A3C2157c9cD7A5C,0x51BD9fd860223EF52cF77b517EbaB5cA58dc1c63,46.0,223314.0,44991634300.0,0.0100472618220702,155.03,11259.271766041142
291,433.0,197.0,b'\xea\xcf\n\xf2\x832\x1b\x9f\x11\x0c\xf2\x05\x0f\xc3}\xec\xdd\t%l2bX\xdd\xfb1<\xedS\x1e\xfeV',13480741,1.0,0x99CCF0db7783927E9a1Ad324e99b6964C587024A,0x28de46689b899af843Ec549199AD70a75ad4d960,38.0,223374.0,55004010019.0,0.012286465733984106,191.77964922834062,41085.9632113512
292,417.0,320.0,"b'\xfe\xf1\x15`\t(\xe0\x1a\x91b\xe4\xa1\x8d\xa4\xc1\x81\x8cl_\x0e\xe2\xc1\xff\xef#\x8a\xc3\xcc\xd2@,y'",13482382,1.0,0x85670c918fd6A80bdc92202C59D20b6E0c01C7E9,0x99CCF0db7783927E9a1Ad324e99b6964C587024A,44.0,223374.0,78273632651.0,0.017484294419784474,399.1870993129703,23054.252911783562
293,283.0,157.0,"b""'\x9dfV\xb1\xbc\xfe\xdf5\xa3\x10\xff\xc7\x1e\xcd\xc7\xbc\xfc\x8c\x8c\xab\x89g}P\xf5\xe0\x9d\x9647T""",13483591,1.0,0x51BD9fd860223EF52cF77b517EbaB5cA58dc1c63,0xfFaCEf4fA1f0841ea479B168e734C1D5aeb41766,50.0,223350.0,70611360318.0,0.0157710473270253,145.0,22684.420445688364
294,241.0,144.0,b'\xf7\xbd\x8a\x1f\xb2wp\xb7L2\x9f3\xd0\xd3yS\xf2\xee\xe7\xe1l\xa1Y\xa6\x85\x12LY\xec\xf6\xe1\x0b',13485856,1.0,0x28de46689b899af843Ec549199AD70a75ad4d960,0xD2eadB71FFA6B638c059051b1A3C2157c9cD7A5C,39.0,221338.0,54516866945.0,0.01206665429587241,237.2830784675326,33039.54199485864
295,50.0,32.0,"b'\xec\x8f}\x00C\x12\xfb\x81\x14\x1c\x1dH2\xaf+\x8e\xaa""\t\xfa\xb6\x15\xc3\r\xb2yd\xf3x\x8cN\xf5'",13486269,1.0,0xbD75540343904343A49E084523596Ed8d9978d7b,0x1b0f1838C48Ee8F0D3f0D0375A2e991e17cD2fd3,43.0,257550.0,48255124667.0,0.01242810735798585,420.00000000000006,61526.95247137207
296,174.0,116.0,"b""\x1e*+\xdc\xb5\x06)\x81\xd2F\x8e\xf4\xfb'9@\xeaa;\xb3Q\x01b\x0f\xfd\xd9\x89\x8c\x03\xd5\x10\xa1""",13486659,1.0,0xbD75540343904343A49E084523596Ed8d9978d7b,0xA25207Bb8f8EC2423E2ddf2686A0CD2048352f3E,11.0,223350.0,71970630158.0,0.0160746402457893,400.00000000000006,44194.063622184
297,199.0,116.0,"b""p\x07\x93g\x1a\x85\x91\x98\x99'\x98\n\x15T\xda\xf1\x06.\xc9\xe9\x00W}\xfb%\x19\xa3\xa0(\x87\x90^""",13499383,1.0,0xfFaCEf4fA1f0841ea479B168e734C1D5aeb41766,0x85670c918fd6A80bdc92202C59D20b6E0c01C7E9,3.0,223374.0,84815768119.0,0.018945637387813506,343.24123114548064,55793.56983921102
298,174.0,51.0,"b'=\xc4!\xfe,\xcf\x96f@\x87r\x18\x1d\x9e\x13\xabv\n\x84\xe3\x8c}\x8c\xb1\xf5\xbb\x01\xd9\xb7\xfc3!'",13534100,1.0,0x2Eb5E41673506c9acFC94b665BD0Ca5B5F7335f9,0x99CCF0db7783927E9a1Ad324e99b6964C587024A,13.0,240438.0,180243217420.0,0.04333731871002996,190.91824537558853,18201.82031843154
299,142.0,51.0,b'f\x95t?>F\xa0\x1b\x1f\xf8\x93\xe8\x83z\xc9\x95\x9bG\xff\xe6\xc2\xf4\xf2\xab\xe1ww\xe2\xa2O\x9a\x14',13560202,1.0,0xD2eadB71FFA6B638c059051b1A3C2157c9cD7A5C,0x51BD9fd860223EF52cF77b517EbaB5cA58dc1c63,22.0,240438.0,77827860884.0,0.018712775215227192,184.99405108999642,19869.552367746903
300,85.0,54.0,b'\xc0\x134\xc5\x83_*\x84\xf1\xf9x\x12\xce\xaa\xfb\xda\xaaiy\xfdh\xfb/\x1cn\xf4q\x07ro2\x80',13561037,1.0,0x51BD9fd860223EF52cF77b517EbaB5cA58dc1c63,0xD2eadB71FFA6B638c059051b1A3C2157c9cD7A5C,12.0,216760.0,92340994736.0,0.02001583401897536,151.83,19390.031092759862
301,147.0,77.0,b'\x06\x1d\xfa\xa7=\xe0\xe5\xe2\x975\xedHf\xbb\x9c\xa3\xb7\x87\xf4o\x1e\x87e\x05\x8e\xeeud;\x9a\x81\xec',13561577,1.0,0x1b0f1838C48Ee8F0D3f0D0375A2e991e17cD2fd3,0x7D415A8149741f668B114AB41aA44bA3878e108b,17.0,257550.0,82978242186.0,0.0213710462750043,386.40000000000003,45746.2826154048
302,52.0,47.0,b'\xf9\x0f\xb2\xb0\x7f\x8bE#\x82&\xa3\xb9\xaa\xca;\xc8o\x16\x9eI\x1b\xc8S\xc9\xec{uq\xbf1\xfb\xff',13563072,1.0,0xD2eadB71FFA6B638c059051b1A3C2157c9cD7A5C,0xcbF811d9673223B8CE1b284A804fE2d7362A53f1,48.0,223326.0,69000000000.0,0.015409494,150.9649,31183.780680142503
303,382.0,248.0,"b'\xeb\xf7\xfd\xa7N\x92\x9bK\xe7a\x15+?\xf9{S|\xcf,\xc9\xf6XoM\xdf\x8f\xd3y#\x1c;\xa0'",13574484,1.0,0x85670c918fd6A80bdc92202C59D20b6E0c01C7E9,0x99CCF0db7783927E9a1Ad324e99b6964C587024A,34.0,223362.0,95692833683.0,0.021374142717102246,247.13142000000002,41036.068856661666
304,52.0,64.0,"b'\x84\xfa,\xb9x\x81]H\xe2\xac\x90M\xae\xb1\xb6\x0c\xb6\xb0\xbf\xcdT~b]\xb5\x9c\x7f)r\x9a\xcaG'",13574676,1.0,0x0000000000000000000000000000000000000000,0x2Eb5E41673506c9acFC94b665BD0Ca5B5F7335f9,13.0,240648.0,83457235108.0,0.020083816714269984,0.0,1796.9795660505602
305,14.0,12.0,b'#\x8ah*\x97&9\x7fyf\x0f\x95\xf0\x9f&A\xb7\x88\xc3/T<\x80Is\xb6\xef\xfe\xc8\xb7UN',13576043,1.0,0xcbF811d9673223B8CE1b284A804fE2d7362A53f1,0x0000000000000000000000000000000000000000,13.0,140546.0,100513935659.0,0.014126831601129814,277.0185635265373,0.0
306,232.0,159.0,b'=Z{\xc9\xb1\xe1\x18\xd0\xf6\xc6\xcb\x00\xb8\xb9\x82r4\x8d\xd2)A|D\xff\xa31\xa1A\xcf\x99\x86*',13612870,1.0,0xA25207Bb8f8EC2423E2ddf2686A0CD2048352f3E,0xfFaCEf4fA1f0841ea479B168e734C1D5aeb41766,3.0,240450.0,82000000000.0,0.0197169,395.91979267999994,24298.35784115658
307,165.0,121.0,"b'g\x0e{\x90\x19\xb4\x8cq\xdd\xc67\xd2\xc4)\xb9\xda(gQ\xa0\x8e\x9a\x9d1\xa2H\x11\n\x02\xbe\x8d,'",13623805,1.0,0x85cF746d3b613ea225A5721807D2B4E94138557d,0xfDC09C96E5B7EBe2F6C36E1bc0B6a6A8C6571C82,2.0,255538.0,152047413440.0,0.03885389193563072,21.854820176509524,56655.86511402295
308,263.0,159.0,"b""\xadZx\x8c\xb4'\xdcd\x14\xb38y\x82W)c\x14\\!\xc4\xe8\x90\x8ah\xa3\x0eUklJG\x07""",13636681,1.0,0x0000000000000000000000000000000000000000,0xD2eadB71FFA6B638c059051b1A3C2157c9cD7A5C,7.0,193938.0,109643839346.0,0.021264106915084548,0.0,67645.38486203815
309,513.0,338.0,"b'Z\x14A\xf5\x08\x7fQ\x1fM\x81\x89\x9a<#\xd9\xd10\xcc2>""\xe6\xb70\xddW\x19\x89\xe7\x9c=M'",13636744,1.0,0x0000000000000000000000000000000000000000,0xD2eadB71FFA6B638c059051b1A3C2157c9cD7A5C,22.0,195902.0,108916734043.0,0.021337006032491786,0.0,18632.5811808081
310,517.0,339.0,b'\x89\x91d\x8a-IB\xa6s\x85$\x00N\x93\xdf\xf0xZv\xb7\xcas\x12U\nY\x04U\xe7\x05\xf6+',13636744,1.0,0x0000000000000000000000000000000000000000,0xD2eadB71FFA6B638c059051b1A3C2157c9cD7A5C,46.0,195902.0,137427331014.0,0.026922289000304628,0.0,38005.86436330536
311,21.0,31.0,b'>xY\xc5\x9c4\xc6\xb86\x1f\xa8\x96\xf7\xb5c\xc6J\xf1D!\xddF\xf3\xd4\n\x848\xce\x17 \xfcN',13636749,1.0,0x0000000000000000000000000000000000000000,0xD2eadB71FFA6B638c059051b1A3C2157c9cD7A5C,48.0,195902.0,126886177831.0,0.024857256009448562,0.0,18581.6696527605
312,98.0,107.0,b'\xd7\xd7<\xf6\x00\x87E\xe4\xc0\x9e\x17\xf7X\x13|}2.\xc5\xd6\xb2\x88\x15\xb6\xdap\xc3E\xf3.\xe5X',13663690,1.0,0xfFaCEf4fA1f0841ea479B168e734C1D5aeb41766,0x0000000000000000000000000000000000000000,22.0,140563.0,101864515774.0,0.014318381930740762,396.0061279241305,0.0
313,285.0,191.0,b'B#\x19}V\x19\\\x9f\xf0\xaa5\xc9\xc6\xce4\x9d\x8d_\xa7\xf2@\x9f\xe2VF\x18\xb5 HBOl',13674003,1.0,0x0813c1b94d3b2255Dc8e3CC369DB41e1b98D8CA0,0x0000000000000000000000000000000000000000,7.0,157639.0,96496674581.0,0.015211639284274259,150.0,0.0
314,137.0,100.0,"b'\x81\xf3g\xf8r\x88\x9d/""w\x1a\x9b\xd4\xee* \xd3^\xe0\t\xbd:\x1f\x81\xa2J\xcc\x92\xe2\x08\xf3\x94'",13674030,1.0,0x0813c1b94d3b2255Dc8e3CC369DB41e1b98D8CA0,0x0000000000000000000000000000000000000000,48.0,140539.0,112146494846.0,0.015760956239161994,138.0,0.0
315,327.0,209.0,b'\xd5|;3\xc5\xa8\xfe\xe0\x99\x01n\xa6\x1e\xcd\xf7~\xd9\xe1\x93&\xa5e\x8eN_\x1f\x95\x1d\xb7\xf9\x7fe',13676920,1.0,0xE3b2F16a52671AF6a5d498D3CfDcCCdC2Ad0D58f,0x0000000000000000000000000000000000000000,46.0,140563.0,76100000000.0,0.0106968443,272.27,0.0
316,161.0,75.0,b'\x96\xf9\xf3C\t&\x82T\xf0\xa9\xc8G\xb5\xcc\t\xa77\x91|\xe4%\r\x97\xe0\xc3\xa7M\x94QG\xe0\x86',13680188,1.0,0xD2eadB71FFA6B638c059051b1A3C2157c9cD7A5C,0x85670c918fd6A80bdc92202C59D20b6E0c01C7E9,34.0,223350.0,87452618746.0,0.0195325423969191,250.00000000000003,20764.336183194962
317,534.0,252.0,b'8\n\xd2\xe2\xf3_U\xa2\x91\xda\n\xed\xc0E:`;\x0e\xed\xea\x01\r\xdc\x04\xe2\xbb6\xe1\xfb\xb2\xe9\x01',13681315,1.0,0xD2eadB71FFA6B638c059051b1A3C2157c9cD7A5C,0x28de46689b899af843Ec549199AD70a75ad4d960,10.0,221350.0,77708314528.0,0.0172007354207728,250.00000000000003,73729.02109187208
318,539.0,253.0,"b'\x070\x18P\x0cl\xc2\x02cY\x01e{>\xda\r\xd2\xca5c\xd3""o\x90\x92?`\xe4W\x03\xaf\xe5'",13681315,1.0,0xD2eadB71FFA6B638c059051b1A3C2157c9cD7A5C,0x99CCF0db7783927E9a1Ad324e99b6964C587024A,47.0,223350.0,77708314528.0,0.0173561520498288,250.00000000000003,41414.34131212584
319,544.0,254.0,b'fj;\rO83\xc8\xbb7\x96\x83B\xdf\x0fQ5md\x00\xfd\x13\xad\xcc\x12L\xa0\x80\xf0\x10\x87\x88',13681315,1.0,0xD2eadB71FFA6B638c059051b1A3C2157c9cD7A5C,0x99CCF0db7783927E9a1Ad324e99b6964C587024A,38.0,223350.0,77708314528.0,0.0173561520498288,250.00000000000003,40330.509353350746
320,309.0,160.0,b'\t\x89\x04&\xc5H4r\x102\xde9\xf1\x11\xada\x9b\xec\x85\xc9kU\xff\xaa\xe6\xa6Q\x05u\x90\x9fu',13681339,1.0,0x99CCF0db7783927E9a1Ad324e99b6964C587024A,0x28de46689b899af843Ec549199AD70a75ad4d960,15.0,223350.0,85828032420.0,0.019169691041007,255.00000000000003,73637.94116491146
321,333.0,233.0,b'\xef\x81\xab\x00q\x98Y\x8en\xe4\xf9$\x13\xa2\x8bS\x15\xc1\xebB\xc6\x15\xe60I\xcd\xca\xbe\x17\xae\x1c\x10',13702634,1.0,0x28de46689b899af843Ec549199AD70a75ad4d960,0xcbF811d9673223B8CE1b284A804fE2d7362A53f1,25.0,223350.0,104791758601.0,0.02340523928353335,285.0,62382.567905284144
322,408.0,212.0,"b'\xdf \xc6d\xc4\x9e""AX\xa1_6h*\x13r\x9b!\x1a\xba\xd9l\xa5\xb6\x90/\xcc2\x11\x95\x99T'",13702647,1.0,0x28de46689b899af843Ec549199AD70a75ad4d960,0xE3b2F16a52671AF6a5d498D3CfDcCCdC2Ad0D58f,36.0,240450.0,95212356636.0,0.0228938111531262,285.0,51132.9652707996
323,387.0,211.0,b'\xf61D\x11\x1e\x10\x00{|r\xb5\xdd\xfd\xa5m\xc3\xb2\xca\xf6\xba\xa4D{\xdbL\xfb\xf2_\xd6\xee\xa1\t',13703329,1.0,0x51BD9fd860223EF52cF77b517EbaB5cA58dc1c63,0x28de46689b899af843Ec549199AD70a75ad4d960,29.0,221350.0,127195908575.0,0.02815481436307625,306.0,83623.1302226739
324,199.0,152.0,"b'\xde\xa3k\x97[\xd1\x03J\xb9\xad\xdf\xf8\xdcn\xf3+=\xab\xc4\x82\xdf\xca[\x18\xc8,<\xcdd\x9a\x0c`'",13703348,1.0,0x51BD9fd860223EF52cF77b517EbaB5cA58dc1c63,0x99CCF0db7783927E9a1Ad324e99b6964C587024A,32.0,223350.0,124032229257.0,0.02770259840455095,206.50000000000003,51375.21940078572
325,101.0,74.0,b'\x97(F\xd2h\x82\xa4\x9ch\xef\xa0\xebh\xfev\xe2m\xad\xa6p\xd8W\xba\xa0\x8c\xeb\x84\xab4\xe8\x834',13708264,1.0,0x28de46689b899af843Ec549199AD70a75ad4d960,0x51BD9fd860223EF52cF77b517EbaB5cA58dc1c63,32.0,233860.0,78084507034.0,0.01826084281497124,306.0,1576.5511836008402
326,230.0,95.0,b'\xbf\xb3\x01w\xa7\x83\xc7\x18\xd2\x1d\x13\x8b\xe7\xfe\xf8\xd1\xfb^\xdd\nRXA\xcd\x99\x12I\x84\x92\r\xb6\xfa',13708570,1.0,0xE3b2F16a52671AF6a5d498D3CfDcCCdC2Ad0D58f,0x0813c1b94d3b2255Dc8e3CC369DB41e1b98D8CA0,48.0,272626.0,65010000000.0,0.01772341626,221.00000000000003,13044.6888865302
327,552.0,301.0,b'-\xe8\xd0\x01\xd7CGa\xc40\xf3\x07\x9e\xa2b\xb0\xab\xf1b\xda\xf6\xac!\x1c\x08\x1c\x02v\x9d\x00\x01\x19',13709187,1.0,0x51BD9fd860223EF52cF77b517EbaB5cA58dc1c63,0x0813c1b94d3b2255Dc8e3CC369DB41e1b98D8CA0,7.0,221314.0,127880472412.0,0.028301738871389368,206.00000000000003,13226.245943459042
328,504.0,393.0,b'_&\x89\x83\x16\xa4\x97\xd7\xdf&\xdaN9\x01\x10\xf2\x0f\xdf]X.o\xa5\xd8Q\x919\xeb\xa2\xb6\xc0\xf6',13721907,1.0,0x0813c1b94d3b2255Dc8e3CC369DB41e1b98D8CA0,0xE3b2F16a52671AF6a5d498D3CfDcCCdC2Ad0D58f,6.0,221314.0,111191608303.0,0.024608259599970142,285.0,86088.02931795841
329,641.0,199.0,b'\xdc\x16!\x9e\xdfi{\xa7u\r\x93\x19\xd5\xfbN\xb4\x0b\x9c\x04\x9aW{2\xf9\xdf\x13\x9c\x08\xd3\x11(\xb3',13749060,1.0,0xE890EB333d154fBb4242327228d3fFce125A5867,0x28de46689b899af843Ec549199AD70a75ad4d960,8.0,214772.0,90938801982.0,0.019531108379278104,224.10852095830484,59169.72035217168
330,533.0,320.0,b'\xc5\xa7y\xea\x91\xfc;\x89T\xfb_\xec!}\xd8\xfb\xed[\x9dv\x0e\xe71\x0e\xb9$`\xc2\x8dV\xb29',13751769,1.0,0x28de46689b899af843Ec549199AD70a75ad4d960,0x51BD9fd860223EF52cF77b517EbaB5cA58dc1c63,7.0,216772.0,84763312321.0,0.018374312738447812,274.94729160164474,6376.920839764501
331,474.0,365.0,b'\x14<\xccj\xe9\r\x18\x04\xc1\x85\xc2N\xb9\x15p\x15*\x1b\xaa\xcb\xb6M\xac\xc5}\xa7\x0e\xf4\xb7\x99\x04e',13771540,1.0,0x0000000000000000000000000000000000000000,0xfFaCEf4fA1f0841ea479B168e734C1D5aeb41766,22.0,195902.0,77000000000.0,0.015084454,0.0,20062.7170578255
332,28.0,19.0,b'pQ\xeb\x81\xae\xe4\xbe\x1c\xad&\x99/\x9e\xa8;\xee/P\xb2\x9aTO\x91\x898\n\xacX\x0c\n3\x90',13771900,1.0,0x0000000000000000000000000000000000000000,0x6d359982D9A750AC7e9b2a5211B390C8021A7F5f,49.0,178838.0,119000000000.0,0.021281722,0.0,60345.49475546988
333,434.0,404.0,b'\x9b\t\x10\x18Z\x1b1\xe3\x86\x95vYi\xb1!nPF\x8dV.\x87\xf4\x8b\xa0\xa5M\xa08F$\xba',13776779,1.0,0xE3b2F16a52671AF6a5d498D3CfDcCCdC2Ad0D58f,0xD2eadB71FFA6B638c059051b1A3C2157c9cD7A5C,47.0,233884.0,46100000000.0,0.0107820524,247.9,18586.377483614164
334,289.0,323.0,b'3\x9e6DeF\xceg\x86Q\x8f}\x14<\xfa\x80\x1d\x19\x9a\xd2F\x9d\xd4\xf4\xde{\xf1\xf5(<\x94\x94',13778194,1.0,0x0000000000000000000000000000000000000000,0x4595bDBeCA72c4FeAECC41ccc2ECaEd34ed291c8,30.0,187348.0,121943458663.0,0.022845863093595724,0.0,83858.29500741661
335,72.0,45.0,b'\xa6\x07\xd6L\xc6\x94+\xd1\xf8\xd4\x8fO\x19\x19\xf5\xecs\x9cE\xab\x06\xf6\\?\x83\x06\xc80\xefj\n\xb2',13781075,1.0,0x99CCF0db7783927E9a1Ad324e99b6964C587024A,0x28de46689b899af843Ec549199AD70a75ad4d960,37.0,221314.0,78323728531.0,0.017334137656109734,238.00000000000003,93487.0607030829
336,112.0,212.0,b'Y\xe3V\x8c\x1b\x9b\xa4\x10\xa6\xa4\n#8\xed|\x95\x9d\xe4*\x19\x14f\xeb\x80f\x93EZh\x00\xd3M',13781077,1.0,0x99CCF0db7783927E9a1Ad324e99b6964C587024A,0x28de46689b899af843Ec549199AD70a75ad4d960,39.0,221314.0,74050623153.0,0.016388439612483042,238.00000000000003,57388.7724495417
337,536.0,204.0,b'\x1a\x1d>\xe4\xe8\x94\x95Y\xa7&\x0f\x80\xcc\xe1(\xae\x92H\xc1\xcc\x01C\xb9j7\xa89\x9a\xa3\xc8\x1a1',13781081,1.0,0x99CCF0db7783927E9a1Ad324e99b6964C587024A,0x85cF746d3b613ea225A5721807D2B4E94138557d,2.0,274638.0,81538598207.0,0.022393597534374066,13.000000000000002,24625.051241211964
338,64.0,33.0,b'_y\xac\xa5o\xb8\x06\xb6KW\x95\xaf\x96\x1fMK\xde\xe9=!\x05\xec]J\xba\x1b\xa8oU\x86\x06\xd9',13781099,1.0,0x99CCF0db7783927E9a1Ad324e99b6964C587024A,0x28de46689b899af843Ec549199AD70a75ad4d960,40.0,221314.0,87475575012.0,0.019359569408205768,255.00000000000003,93532.38544824452
339,28.0,16.0,"b'\x15\xe6""\xb2\xd4\xc1=i\xf5\'\x1a\x7f}17!\x82o&\xda\xca\x03\xdbyi\x95\xa5p\xce\xfa\xdbh'",13781179,1.0,0x99CCF0db7783927E9a1Ad324e99b6964C587024A,0x51BD9fd860223EF52cF77b517EbaB5cA58dc1c63,12.0,223350.0,75877782922.0,0.0169473028156287,144.0,41450.5398933477
340,365.0,254.0,b'\x0b\xf5N\xd9\xb7\\\x80\xde\x97@\x1f\x93\x80\xa1\x8bH\x1a\xa8[\x90C\xcc\x19\xb4<\xc4\xd9\xdc7).\xe2',13781333,1.0,0x51BD9fd860223EF52cF77b517EbaB5cA58dc1c63,0x0000000000000000000000000000000000000000,22.0,140522.0,62586110787.0,0.008794725460010814,343.0,0.0
341,177.0,96.0,b'\xb6\x11#\rU\xb37\xd0\xf7\xca\\4\xe9|35z~\x8f\x1aw(u\xd6M\xd01\x88\xfbO\xeb\\',13783138,1.0,0x28de46689b899af843Ec549199AD70a75ad4d960,0x0000000000000000000000000000000000000000,30.0,140522.0,42764445251.0,0.006009345375561022,330.0,0.0
342,508.0,302.0,"b'\xc7\x9cX\x90\xb6!\x02\xfb\xcf\xe5\xe4\xd9G\xbd\x05\xd6M\x9a\x8e.\x81\xb8eI\x84\xd2 ,\xdf9 \n'",13783163,1.0,0x28de46689b899af843Ec549199AD70a75ad4d960,0x99CCF0db7783927E9a1Ad324e99b6964C587024A,37.0,216760.0,46439312211.0,0.01006618531485636,300.0,1173.5247726439202
343,406.0,358.0,b'\xeb\xdd\xd7\x1fmz\x9a\x1a\xcc\x82)\x18;\x9a\x00\xc8\xc2\xa6\x0b[\xdd\xd7\xf0.\xa2r\xce\xf7m\xfc\xabl',13783189,1.0,0x28de46689b899af843Ec549199AD70a75ad4d960,0x99CCF0db7783927E9a1Ad324e99b6964C587024A,39.0,216760.0,44507392753.0,0.00964742245314028,300.0,1186.671252624
344,118.0,86.0,"b'\x86y\x11\xfe\\\x0e\x97L\x98%\xddE\xda\xbe\xb2{B\xda7\xc7F\xe6\x1a\n\xa3\x8e\xe12L\x9f\xbe,'",13790131,1.0,0xE890EB333d154fBb4242327228d3fFce125A5867,0x99CCF0db7783927E9a1Ad324e99b6964C587024A,2.0,216784.0,38071141179.0,0.008253214269348336,30.245290973889404,4730.0054119755005
345,438.0,360.0,b'\xcc\xc8\xaePQ\xa7\x08\x0b\x89\xb40\xd1}I\xe4\xc5W~\xe15&8I\xf2\xe8u\x90\xe7;8eb',13791064,1.0,0x99CCF0db7783927E9a1Ad324e99b6964C587024A,0x28de46689b899af843Ec549199AD70a75ad4d960,19.0,221314.0,90854513262.0,0.020107375748066268,275.0,98722.77330421975
346,421.0,258.0,"b""\xe9\xdc\x95\xbb\xf0\x8am\xf3\xfb\xf7\x05U'gi\x96o\xf6\x82\x80\xbb\x932\xb3W\\\xae\xaez\xd5\x92\\""",13791068,1.0,0x99CCF0db7783927E9a1Ad324e99b6964C587024A,0x28de46689b899af843Ec549199AD70a75ad4d960,9.0,221302.0,106143277967.0,0.023489719700653034,276.40000000000003,98703.40390850436
347,151.0,138.0,b'\x97|210\x84\x9e\x08\xab\x9b\xf7\xfb\xe1\xee\x9c~\xecHpJ\x0e\x90\xd6a^m\xc1\xee@&\xb1?',13791104,1.0,0x28de46689b899af843Ec549199AD70a75ad4d960,0x99CCF0db7783927E9a1Ad324e99b6964C587024A,15.0,223314.0,74404449306.0,0.016615555192320084,300.0,25037.592047971804
348,105.0,76.0,b'\xe4\xad\xc2\xbc\x92t\xed\x01Ci[\x1dY\x92\xf8\xe7w\xdcl\xcb\xd6C\xb8aB\xd5&t\xcdI\x99\xeb',13791107,1.0,0x28de46689b899af843Ec549199AD70a75ad4d960,0x99CCF0db7783927E9a1Ad324e99b6964C587024A,40.0,216760.0,75983317067.0,0.01647014380744292,300.0,5176.082520471601
349,270.0,217.0,"b'\x98,\xcc\x9agYP{0\x9c\xa7\xe3\x8b%\xfbGN\x1c)kde\xa4\xd8\x13$\xab\xd2n`\xc6\xb4'",13802570,1.0,0x0000000000000000000000000000000000000000,0xA25207Bb8f8EC2423E2ddf2686A0CD2048352f3E,3.0,195938.0,40000000000.0,0.00783752,0.0,36863.850294741
350,391.0,229.0,"b'U\x89\xb3\x17QU\xe3%,\xb0,\xce/\xaa\xe5^\xc3\x81\x00\xa6U\rzq\xf4d\xd4\xfe\xfda\x93\xfa'",13802629,1.0,0xA25207Bb8f8EC2423E2ddf2686A0CD2048352f3E,0x0000000000000000000000000000000000000000,49.0,140534.0,41800000000.0,0.0058743212,393.6813326800001,0.0
351,124.0,146.0,b'\x16\x06$\xcc\x9a\x8e}\x86\xe9\x08\xb2\x95\xd9\xbb\x1d\xd4\xdd\x17\xd6*\x83.\xdd\x04\xd3E\xafM\xea\xbf\xa6\x96',13826752,1.0,0x99CCF0db7783927E9a1Ad324e99b6964C587024A,0x28de46689b899af843Ec549199AD70a75ad4d960,14.0,221302.0,81908441331.0,0.018126501883432962,256.0,76800.34703386441
352,385.0,198.0,"b'\x18:t3Y\x13:=\xb5x\x92\xf8/\xb9\xe9[\xc18!\xf4""\x1c\x1aTPR@\xdd\x05fr_'",13826755,1.0,0x99CCF0db7783927E9a1Ad324e99b6964C587024A,0xD2eadB71FFA6B638c059051b1A3C2157c9cD7A5C,38.0,223314.0,74504903595.0,0.01663798804141383,251.00000000000003,35750.873537275205
353,413.0,243.0,"b'\xea1H\xeb;\xfe\xbb\xed\x9e\x05\xbeA}G&\x8dQ""\x11\xc3d&\xfe\xc1\x97k\x179\xd1\xc0\xf7\xc5'",13828558,1.0,0x28de46689b899af843Ec549199AD70a75ad4d960,0x0000000000000000000000000000000000000000,3.0,140534.0,33550337423.0,0.004714963119403882,408.43057755702273,0.0
355,120.0,86.0,"b'\x7fj\x91sB\xc5\x8c9\x91\x1eL\xc7\xa6\xfa\xfb$d\x99<""J\xb5\x1cF\xb8\xeb\xf6\xec\xfbE\x87x'",13842311,1.0,0x31F7E1DBB5165D07CA19c6dD09D66078E3D5bE1e,0xE890EB333d154fBb4242327228d3fFce125A5867,2.0,250984.0,52472959752.0,0.013169873330395968,63.63228556756948,13010.7942781458
356,579.0,303.0,"b""\xb5Z\xea\t\x9f\xb4%\x1ef\xabKL|.N\x87\xa2\xf6\x18\xb5\xa9\xec'k\x17\x97\xabZ\x92\xc6\xab\x91""",13853137,1.0,0xfFaCEf4fA1f0841ea479B168e734C1D5aeb41766,0x1711bc52bf7e0494325799717fe640F1924617B7,1.0,240450.0,39266335578.0,0.0094415903897301,450.00000000000006,109284.5339268795
357,441.0,260.0,"b""\xf9[\x06\xf1's\xf9\x1b\xb8\x85\xa9\x17\x03\x95\xbd\xd0\x9d\xfeV\x10 \x0fG\x84L\xd74\x16\x0cO\x10\xa8""",13853147,1.0,0xfFaCEf4fA1f0841ea479B168e734C1D5aeb41766,0x28de46689b899af843Ec549199AD70a75ad4d960,3.0,214784.0,45291427082.0,0.009727873874380288,449.0152026399334,2210.22354157074
358,81.0,47.0,b'f\xee\xa0C\x84\xa6\xd8\xde7M\x0c\xcd+@\xbc/\x9b\xb2\x98wj\xb3\xf3W\xfc\xec\x1d\xff\x97\xb3\xd6\x9c',13855067,1.0,0x28de46689b899af843Ec549199AD70a75ad4d960,0x99CCF0db7783927E9a1Ad324e99b6964C587024A,38.0,233860.0,39182384919.0,0.00916319253715734,282.0,2565.19551366456
359,116.0,55.0,"b""M\xed\xd7\x1c5\xba\x96\xb1Q;\x8a\xb1\xbd\x96'4\x03X\x8eK\xd1\xf7\xb2\x17\xfb\\k\x0c\x00`\x87A""",13874697,1.0,0xD2eadB71FFA6B638c059051b1A3C2157c9cD7A5C,0xA25207Bb8f8EC2423E2ddf2686A0CD2048352f3E,49.0,231884.0,41798501957.0,0.009692403827796988,492.84886470829895,8872.810084931401
360,43.0,9.0,b'\xbe\xf6\t\xb1@\xe3c\x9a\x14\xea\x13Jx=\xd0\x1e3\xd3\x8b\xd0\xb9\xae\xa7\xeb]{.\xb8a\x14\xb1P',13880083,1.0,0x1711bc52bf7e0494325799717fe640F1924617B7,0x28de46689b899af843Ec549199AD70a75ad4d960,30.0,221338.0,39784086909.0,0.008805730228264242,418.8634545940106,18265.1241988311
361,300.0,142.0,b'c\xca\xf5\xb9\xbfjR\x95\xc9q\xde\xa7R;\x93\xd7o|CL\xff\xb2\xad\x08\x01\xcb\xca\x8f\x07P :',13880524,1.0,0x28de46689b899af843Ec549199AD70a75ad4d960,0xE3b2F16a52671AF6a5d498D3CfDcCCdC2Ad0D58f,47.0,240450.0,36079276199.0,0.00867526196204955,280.0,20958.5816273244
362,138.0,78.0,"b""^~|>&\x10,\x1a\xf0#=\x1e\xcc\xe0C\xa2\xcc\x96\x0e\xe5\x1e\xa3P\xf8\xc2(\x95I\xa0\x84's""",13881391,1.0,0xE3b2F16a52671AF6a5d498D3CfDcCCdC2Ad0D58f,0xD2eadB71FFA6B638c059051b1A3C2157c9cD7A5C,10.0,223386.0,43100000000.0,0.0096279366,244.70000000000002,40043.99164112077
363,117.0,65.0,"b""mi\xd7\x15\x0f\xe5\xd0\x95\xce`\xc8\r2\xa8w\x94N\xa9'\x8d\xd9{\xe7\xdbf\x12}\xd6\xd6\xf4>\xd8""",13982281,1.0,0x0000000000000000000000000000000000000000,0x0813c1b94d3b2255Dc8e3CC369DB41e1b98D8CA0,6.0,213038.0,172908469573.0,0.036836074540892774,0.0,45663.6337619085
364,507.0,235.0,"b'""*y+\x07vM\x17\xdb\x9a54\x90\x84\xec>\x1c)mu\xbc\x89\xa8\x90\xf2\xf9\xa0\x0c\xdb\xb7Q+'",14016259,1.0,0xD2eadB71FFA6B638c059051b1A3C2157c9cD7A5C,0xE3b2F16a52671AF6a5d498D3CfDcCCdC2Ad0D58f,48.0,223362.0,70000000000.0,0.01563534,243.99772000000002,62042.53613518686
365,73.0,51.0,"b""\xfc\xa4\xb7\xff\x0fn\x14\xad$\xc4en\x88\x15w\x01\xdd+'vEj\xd5\x99\x8f\xae _\xbd\xfd\r\xc4""",14016296,1.0,0xE3b2F16a52671AF6a5d498D3CfDcCCdC2Ad0D58f,0x0000000000000000000000000000000000000000,6.0,140575.0,72472422239.0,0.010187810756247425,205.4,0.0
366,176.0,114.0,"b'M}\xa5\x14\x04\xf7\x830D\x9a,\x0f\x06\x08\xd2\t\xb9\x92\xcc\xa3\tL\x7f\xd4\x16\x0f\x12bq\xf2f5'",14085947,1.0,0x151D712669AdEBAA73624e6F735c157b6a0F5a5b,0x0788373603522a79fCC5710910C20067f64BAD17,5.0,274650.0,73131471294.0,0.0200855585908971,935.0000000000001,163961.7842939259
367,322.0,177.0,b'K\xc1V\xbcAG\xda\x84\xa8\x90\xec\x12\xbf\xc5XL\x98\x91\x07:>?D\xef^JU2\xbf\xbc\xc0b',14091866,1.0,0x0000000000000000000000000000000000000000,0x151D712669AdEBAA73624e6F735c157b6a0F5a5b,5.0,240648.0,113099668193.0,0.027217208951309064,0.0,2877.3512306817
368,435.0,239.0,b'\xef\xc6c\x1f\x13iZ\x9d\x05#\xceX\xa6\xde\xc9\x924I\xe0\xe1\xa2\rp\xd7\xdb\x99\x14\xb0\xd6h~\xec',14147017,1.0,0xA25207Bb8f8EC2423E2ddf2686A0CD2048352f3E,0x0000000000000000000000000000000000000000,5.0,140534.0,53000000000.0,0.007448302,393.6467400400001,0.0
369,371.0,153.0,"b'\xcfe\x9d\xeb<!\x1bz\x95T\x05\xf3B\xf9P,1]\xce\x1f\x13\xbbY\xda\xd0\xb4_#\xa88\x0bh'",14201315,1.0,0x99CCF0db7783927E9a1Ad324e99b6964C587024A,0x28de46689b899af843Ec549199AD70a75ad4d960,4.0,231860.0,43782880859.0,0.01015149875596774,250.70000000000002,174658.3477139138
370,371.0,328.0,b'\x97\xbd\xde!I\r\x17\xdf\xdd\xcb\xc8\xa4p\xd9\x84_\xc1\xe3rNZM\r\xe0(\x0fJ8\x92$\xf3U',14248442,1.0,0x0788373603522a79fCC5710910C20067f64BAD17,0xA25207Bb8f8EC2423E2ddf2686A0CD2048352f3E,5.0,221314.0,40591615028.0,0.008983492688306792,720.0821751084496,20083.394270628003
